COUNTY,LANE_TYPE,RURAL_URBAN,ROAD_MILES,TRAVEL_MVM,TOTAL_CRASHES,PDO_CRASHES,INJURY_CRASHES,FATAL_CRASHES,VICTIM_KILLED,VICTIM_INJURED
ALA,      2 AND 3 LN,RURAL ,6,45.3,78,45,33,0,0,56
ALA,      4+ UND,RURAL ,0,0,0,0,0,0,0,0
ALA,      4+ DIV,RURAL ,0.6,7,18,14,4,0,0,5
ALA,     SUBTOTAL,RURAL ,6.6,52.4,96,59,37,0,0,61
ALA,     2 AND 3 LN EXP,RURAL ,0,0,0,0,0,0,0,0
ALA,     4+ DIV EXP,RURAL ,0,0,0,0,0,0,0,0
ALA,     NON FWY,RURAL ,6.6,52.4,96,59,37,0,0,61
ALA,     FREEWAY,RURAL ,13.4,635.1,729,531,197,1,1,262
ALA,     TOTAL,RURAL ,20,687.5,825,590,234,1,1,323
ALA,      2 AND 3 LN,URBAN,8.1,60,52,30,21,1,1,27
ALA,      4+ UND,URBAN,6.8,56.5,131,64,67,0,0,88
ALA,      4+ DIV,URBAN,32.4,366.2,352,171,177,4,5,233
ALA,     SUBTOTAL,URBAN,47.3,482.7,535,265,265,5,6,348
ALA,     2 AND 3 LN EXP,URBAN,0,0,0,0,0,0,0,0
ALA,     4+ DIV EXP,URBAN,0,0,0,0,0,0,0,0
ALA,     NON FWY,URBAN,47.3,482.7,535,265,265,5,6,348
ALA,     FREEWAY,URBAN,127.5,"7,549.50","7,847","5,733","2,067",47,49,"2,800"
ALA,     TOTAL,URBAN,174.8,"8,032.20","8,382","5,998","2,332",52,55,"3,148"
ALA,      2 AND 3 LN,COUNTYWIDE,14.1,105.4,130,75,54,1,1,83
ALA,      4+ UND,COUNTYWIDE,6.8,56.5,131,64,67,0,0,88
ALA,      4+ DIV,COUNTYWIDE,33,373.3,370,185,181,4,5,238
ALA,     SUBTOTAL,COUNTYWIDE,53.8,535.1,631,324,302,5,6,409
ALA,     2 AND 3 LN EXP,COUNTYWIDE,0,0,0,0,0,0,0,0
ALA,     4+ DIV EXP,COUNTYWIDE,0,0,0,0,0,0,0,0
ALA,     NON FWY,COUNTYWIDE,53.8,535.1,631,324,302,5,6,409
ALA,     FREEWAY,COUNTYWIDE,141,"8,184.50","8,576","6,264","2,264",48,50,"3,062"
ALA,     TOTAL,COUNTYWIDE,194.8,"8,719.70","9,207","6,588","2,566",53,56,"3,471"
ALP,      2 AND 3 LN,RURAL ,65.2,76.9,28,14,12,2,2,19
ALP,      4+ UND,RURAL ,0,0,0,0,0,0,0,0
ALP,      4+ DIV,RURAL ,0,0,0,0,0,0,0,0
ALP,     SUBTOTAL,RURAL ,65.2,76.9,28,14,12,2,2,19
ALP,     2 AND 3 LN EXP,RURAL ,17.5,17.7,17,14,3,0,0,3
ALP,     4+ DIV EXP,RURAL ,0,0,0,0,0,0,0,0
ALP,     NON FWY,RURAL ,82.7,94.6,45,28,15,2,2,22
ALP,     FREEWAY,RURAL ,0,0,0,0,0,0,0,0
ALP,     TOTAL,RURAL ,82.7,94.6,45,28,15,2,2,22
ALP,      2 AND 3 LN,URBAN,0,0,0,0,0,0,0,0
ALP,      4+ UND,URBAN,0,0,0,0,0,0,0,0
ALP,      4+ DIV,URBAN,0,0,0,0,0,0,0,0
ALP,     SUBTOTAL,URBAN,0,0,0,0,0,0,0,0
ALP,     2 AND 3 LN EXP,URBAN,0,0,0,0,0,0,0,0
ALP,     4+ DIV EXP,URBAN,0,0,0,0,0,0,0,0
ALP,     NON FWY,URBAN,0,0,0,0,0,0,0,0
ALP,     FREEWAY,URBAN,0,0,0,0,0,0,0,0
ALP,     TOTAL,URBAN,0,0,0,0,0,0,0,0
ALP,      2 AND 3 LN,COUNTYWIDE,65.2,76.9,28,14,12,2,2,19
ALP,      4+ UND,COUNTYWIDE,0,0,0,0,0,0,0,0
ALP,      4+ DIV,COUNTYWIDE,0,0,0,0,0,0,0,0
ALP,     SUBTOTAL,COUNTYWIDE,65.2,76.9,28,14,12,2,2,19
ALP,     2 AND 3 LN EXP,COUNTYWIDE,17.5,17.7,17,14,3,0,0,3
ALP,     4+ DIV EXP,COUNTYWIDE,0,0,0,0,0,0,0,0
ALP,     NON FWY,COUNTYWIDE,82.7,94.6,45,28,15,2,2,22
ALP,     FREEWAY,COUNTYWIDE,0,0,0,0,0,0,0,0
ALP,     TOTAL,COUNTYWIDE,82.7,94.6,45,28,15,2,2,22
AMA,      2 AND 3 LN,RURAL ,89.2,212.3,145,82,61,2,2,96
AMA,      4+ UND,RURAL ,1.3,2.1,4,1,2,1,1,6
AMA,      4+ DIV,RURAL ,2.4,10.8,24,14,10,0,0,12
AMA,     SUBTOTAL,RURAL ,92.9,225.3,173,97,73,3,3,114
AMA,     2 AND 3 LN EXP,RURAL ,26.1,40,19,6,12,1,1,20
AMA,     4+ DIV EXP,RURAL ,0,0,0,0,0,0,0,0
AMA,     NON FWY,RURAL ,119,265.3,192,103,85,4,4,134
AMA,     FREEWAY,RURAL ,0,0,0,0,0,0,0,0
AMA,     TOTAL,RURAL ,119,265.3,192,103,85,4,4,134
AMA,      2 AND 3 LN,URBAN,2.7,4.5,2,1,1,0,0,1
AMA,      4+ UND,URBAN,0,0,0,0,0,0,0,0
AMA,      4+ DIV,URBAN,0,0,0,0,0,0,0,0
AMA,     SUBTOTAL,URBAN,2.7,4.5,2,1,1,0,0,1
AMA,     2 AND 3 LN EXP,URBAN,4,5.7,1,1,0,0,0,0
AMA,     4+ DIV EXP,URBAN,0,0,0,0,0,0,0,0
AMA,     NON FWY,URBAN,6.7,10.2,3,2,1,0,0,1
AMA,     FREEWAY,URBAN,0,0,0,0,0,0,0,0
AMA,     TOTAL,URBAN,6.7,10.2,3,2,1,0,0,1
AMA,      2 AND 3 LN,COUNTYWIDE,92,216.8,147,83,62,2,2,97
AMA,      4+ UND,COUNTYWIDE,1.3,2.1,4,1,2,1,1,6
AMA,      4+ DIV,COUNTYWIDE,2.4,10.8,24,14,10,0,0,12
AMA,     SUBTOTAL,COUNTYWIDE,95.6,229.8,175,98,74,3,3,115
AMA,     2 AND 3 LN EXP,COUNTYWIDE,30.1,45.7,20,7,12,1,1,20
AMA,     4+ DIV EXP,COUNTYWIDE,0,0,0,0,0,0,0,0
AMA,     NON FWY,COUNTYWIDE,125.7,275.4,195,105,86,4,4,135
AMA,     FREEWAY,COUNTYWIDE,0,0,0,0,0,0,0,0
AMA,     TOTAL,COUNTYWIDE,125.7,275.4,195,105,86,4,4,135
BUT,      2 AND 3 LN,RURAL ,67.2,177.5,116,78,34,4,4,56
BUT,      4+ UND,RURAL ,0.7,1.5,3,2,1,0,0,1
BUT,      4+ DIV,RURAL ,2,11.2,7,5,1,1,2,3
BUT,     SUBTOTAL,RURAL ,69.9,190.2,126,85,36,5,6,60
BUT,     2 AND 3 LN EXP,RURAL ,39,66.5,46,21,25,0,0,37
BUT,     4+ DIV EXP,RURAL ,18.3,101.6,51,31,18,2,2,28
BUT,     NON FWY,RURAL ,127.1,358.3,223,137,79,7,8,125
BUT,     FREEWAY,RURAL ,1.8,14.8,9,7,2,0,0,2
BUT,     TOTAL,RURAL ,128.8,373.1,232,144,81,7,8,127
BUT,      2 AND 3 LN,URBAN,25.4,99.7,97,52,43,2,2,63
BUT,      4+ UND,URBAN,1,6.9,14,5,9,0,0,11
BUT,      4+ DIV,URBAN,4.5,29.6,49,27,22,0,0,26
BUT,     SUBTOTAL,URBAN,30.8,136.1,160,84,74,2,2,100
BUT,     2 AND 3 LN EXP,URBAN,4.3,11.5,6,4,2,0,0,2
BUT,     4+ DIV EXP,URBAN,6,43.4,32,21,11,0,0,20
BUT,     NON FWY,URBAN,41.1,191.1,198,109,87,2,2,122
BUT,     FREEWAY,URBAN,11.9,168.8,177,130,46,1,1,68
BUT,     TOTAL,URBAN,53,359.9,375,239,133,3,3,190
BUT,      2 AND 3 LN,COUNTYWIDE,92.6,277.1,213,130,77,6,6,119
BUT,      4+ UND,COUNTYWIDE,1.7,8.4,17,7,10,0,0,12
BUT,      4+ DIV,COUNTYWIDE,6.4,40.8,56,32,23,1,2,29
BUT,     SUBTOTAL,COUNTYWIDE,100.6,326.3,286,169,110,7,8,160
BUT,     2 AND 3 LN EXP,COUNTYWIDE,43.2,78,52,25,27,0,0,39
BUT,     4+ DIV EXP,COUNTYWIDE,24.3,145.1,83,52,29,2,2,48
BUT,     NON FWY,COUNTYWIDE,168.2,549.4,421,246,166,9,10,247
BUT,     FREEWAY,COUNTYWIDE,13.6,183.6,186,137,48,1,1,70
BUT,     TOTAL,COUNTYWIDE,181.8,733,607,383,214,10,11,317
CAL,      2 AND 3 LN,RURAL ,121.7,233.5,282,142,131,9,9,168
CAL,      4+ UND,RURAL ,0.3,0.7,0,0,0,0,0,0
CAL,      4+ DIV,RURAL ,0,0,0,0,0,0,0,0
CAL,     SUBTOTAL,RURAL ,122,234.2,282,142,131,9,9,168
CAL,     2 AND 3 LN EXP,RURAL ,28.3,30.8,16,8,6,2,2,7
CAL,     4+ DIV EXP,RURAL ,0,0,0,0,0,0,0,0
CAL,     NON FWY,RURAL ,150.2,265,298,150,137,11,11,175
CAL,     FREEWAY,RURAL ,0,0,0,0,0,0,0,0
CAL,     TOTAL,RURAL ,150.2,265,298,150,137,11,11,175
CAL,      2 AND 3 LN,URBAN,0,0,0,0,0,0,0,0
CAL,      4+ UND,URBAN,0,0,0,0,0,0,0,0
CAL,      4+ DIV,URBAN,0,0,0,0,0,0,0,0
CAL,     SUBTOTAL,URBAN,0,0,0,0,0,0,0,0
CAL,     2 AND 3 LN EXP,URBAN,0,0,0,0,0,0,0,0
CAL,     4+ DIV EXP,URBAN,0,0,0,0,0,0,0,0
CAL,     NON FWY,URBAN,0,0,0,0,0,0,0,0
CAL,     FREEWAY,URBAN,0,0,0,0,0,0,0,0
CAL,     TOTAL,URBAN,0,0,0,0,0,0,0,0
CAL,      2 AND 3 LN,COUNTYWIDE,121.7,233.5,282,142,131,9,9,168
CAL,      4+ UND,COUNTYWIDE,0.3,0.7,0,0,0,0,0,0
CAL,      4+ DIV,COUNTYWIDE,0,0,0,0,0,0,0,0
CAL,     SUBTOTAL,COUNTYWIDE,122,234.2,282,142,131,9,9,168
CAL,     2 AND 3 LN EXP,COUNTYWIDE,28.3,30.8,16,8,6,2,2,7
CAL,     4+ DIV EXP,COUNTYWIDE,0,0,0,0,0,0,0,0
CAL,     NON FWY,COUNTYWIDE,150.2,265,298,150,137,11,11,175
CAL,     FREEWAY,COUNTYWIDE,0,0,0,0,0,0,0,0
CAL,     TOTAL,COUNTYWIDE,150.2,265,298,150,137,11,11,175
CC,      2 AND 3 LN,RURAL ,0,0,0,0,0,0,0,0
CC,      4+ UND,RURAL ,0,0,0,0,0,0,0,0
CC,      4+ DIV,RURAL ,0.2,2.5,0,0,0,0,0,0
CC,     SUBTOTAL,RURAL ,0.2,2.5,0,0,0,0,0,0
CC,     2 AND 3 LN EXP,RURAL ,0,0,0,0,0,0,0,0
CC,     4+ DIV EXP,RURAL ,0,0,0,0,0,0,0,0
CC,     NON FWY,RURAL ,0.2,2.5,0,0,0,0,0,0
CC,     FREEWAY,RURAL ,12.3,195.9,141,84,55,2,2,72
CC,     TOTAL,RURAL ,12.5,198.5,141,84,55,2,2,72
CC,      2 AND 3 LN,URBAN,4.1,26.3,23,14,9,0,0,14
CC,      4+ UND,URBAN,1.8,14.4,28,20,8,0,0,10
CC,      4+ DIV,URBAN,1.9,37.8,40,30,10,0,0,16
CC,     SUBTOTAL,URBAN,7.8,78.5,91,64,27,0,0,40
CC,     2 AND 3 LN EXP,URBAN,0.1,1.4,0,0,0,0,0,0
CC,     4+ DIV EXP,URBAN,5.2,59.3,71,40,30,1,1,32
CC,     NON FWY,URBAN,13.2,139.3,162,104,57,1,1,72
CC,     FREEWAY,URBAN,85.9,"4,372.20","3,632","2,369","1,239",24,29,"1,713"
CC,     TOTAL,URBAN,99.1,"4,511.40","3,794","2,473","1,296",25,30,"1,785"
CC,      2 AND 3 LN,COUNTYWIDE,4.1,26.3,23,14,9,0,0,14
CC,      4+ UND,COUNTYWIDE,1.8,14.4,28,20,8,0,0,10
CC,      4+ DIV,COUNTYWIDE,2.2,40.3,40,30,10,0,0,16
CC,     SUBTOTAL,COUNTYWIDE,8.1,81,91,64,27,0,0,40
CC,     2 AND 3 LN EXP,COUNTYWIDE,0.1,1.4,0,0,0,0,0,0
CC,     4+ DIV EXP,COUNTYWIDE,5.2,59.3,71,40,30,1,1,32
CC,     NON FWY,COUNTYWIDE,13.4,141.8,162,104,57,1,1,72
CC,     FREEWAY,COUNTYWIDE,98.2,"4,568.10","3,773","2,453","1,294",26,31,"1,785"
CC,     TOTAL,COUNTYWIDE,111.6,"4,709.90","3,935","2,557","1,351",27,32,"1,857"
COL,      2 AND 3 LN,RURAL ,73.8,110,83,51,29,3,3,47
COL,      4+ UND,RURAL ,1.2,2.6,3,0,2,1,1,3
COL,      4+ DIV,RURAL ,0,0,0,0,0,0,0,0
COL,     SUBTOTAL,RURAL ,75.1,112.6,86,51,31,4,4,50
COL,     2 AND 3 LN EXP,RURAL ,1.1,3.4,2,1,1,0,0,1
COL,     4+ DIV EXP,RURAL ,1.2,3.4,1,1,0,0,0,0
COL,     NON FWY,RURAL ,77.4,119.4,89,53,32,4,4,51
COL,     FREEWAY,RURAL ,34.3,372,97,70,24,3,3,31
COL,     TOTAL,RURAL ,111.7,491.5,186,123,56,7,7,82
COL,      2 AND 3 LN,URBAN,2.3,8.1,5,2,3,0,0,3
COL,      4+ UND,URBAN,0,0,0,0,0,0,0,0
COL,      4+ DIV,URBAN,0.8,3.9,0,0,0,0,0,0
COL,     SUBTOTAL,URBAN,3,12,5,2,3,0,0,3
COL,     2 AND 3 LN EXP,URBAN,0,0,0,0,0,0,0,0
COL,     4+ DIV EXP,URBAN,0,0,0,0,0,0,0,0
COL,     NON FWY,URBAN,3,12,5,2,3,0,0,3
COL,     FREEWAY,URBAN,0,0,0,0,0,0,0,0
COL,     TOTAL,URBAN,3,12,5,2,3,0,0,3
COL,      2 AND 3 LN,COUNTYWIDE,76.1,118.1,88,53,32,3,3,50
COL,      4+ UND,COUNTYWIDE,1.2,2.6,3,0,2,1,1,3
COL,      4+ DIV,COUNTYWIDE,0.8,3.9,0,0,0,0,0,0
COL,     SUBTOTAL,COUNTYWIDE,78.1,124.6,91,53,34,4,4,53
COL,     2 AND 3 LN EXP,COUNTYWIDE,1.1,3.4,2,1,1,0,0,1
COL,     4+ DIV EXP,COUNTYWIDE,1.2,3.4,1,1,0,0,0,0
COL,     NON FWY,COUNTYWIDE,80.5,131.4,94,55,35,4,4,54
COL,     FREEWAY,COUNTYWIDE,34.3,372,97,70,24,3,3,31
COL,     TOTAL,COUNTYWIDE,114.8,503.5,191,125,59,7,7,85
DN,      2 AND 3 LN,RURAL ,54.8,95.9,83,44,39,0,0,57
DN,      4+ UND,RURAL ,0.2,0.4,2,2,0,0,0,0
DN,      4+ DIV,RURAL ,6.2,12.9,2,1,1,0,0,1
DN,     SUBTOTAL,RURAL ,61.2,109.2,87,47,40,0,0,58
DN,     2 AND 3 LN EXP,RURAL ,14.2,31,21,10,10,1,1,19
DN,     4+ DIV EXP,RURAL ,4.6,6.2,1,0,1,0,0,1
DN,     NON FWY,RURAL ,80,146.5,109,57,51,1,1,78
DN,     FREEWAY,RURAL ,1.3,2.2,0,0,0,0,0,0
DN,     TOTAL,RURAL ,81.3,148.6,109,57,51,1,1,78
DN,      2 AND 3 LN,URBAN,0.4,0.6,5,5,0,0,0,0
DN,      4+ UND,URBAN,0,0,0,0,0,0,0,0
DN,      4+ DIV,URBAN,5.1,20.5,8,5,3,0,0,5
DN,     SUBTOTAL,URBAN,5.5,21.1,13,10,3,0,0,5
DN,     2 AND 3 LN EXP,URBAN,4.5,12.6,5,2,3,0,0,5
DN,     4+ DIV EXP,URBAN,0,0,0,0,0,0,0,0
DN,     NON FWY,URBAN,10,33.6,18,12,6,0,0,10
DN,     FREEWAY,URBAN,0.2,0.5,4,2,2,0,0,4
DN,     TOTAL,URBAN,10.2,34.1,22,14,8,0,0,14
DN,      2 AND 3 LN,COUNTYWIDE,55.2,96.5,88,49,39,0,0,57
DN,      4+ UND,COUNTYWIDE,0.2,0.4,2,2,0,0,0,0
DN,      4+ DIV,COUNTYWIDE,11.3,33.4,10,6,4,0,0,6
DN,     SUBTOTAL,COUNTYWIDE,66.6,130.3,100,57,43,0,0,63
DN,     2 AND 3 LN EXP,COUNTYWIDE,18.7,43.6,26,12,13,1,1,24
DN,     4+ DIV EXP,COUNTYWIDE,4.6,6.2,1,0,1,0,0,1
DN,     NON FWY,COUNTYWIDE,90,180.1,127,69,57,1,1,88
DN,     FREEWAY,COUNTYWIDE,1.5,2.7,4,2,2,0,0,4
DN,     TOTAL,COUNTYWIDE,91.4,182.8,131,71,59,1,1,92
ED,      2 AND 3 LN,RURAL ,89.9,199.1,173,100,69,4,5,98
ED,      4+ UND,RURAL ,5,20.7,12,6,6,0,0,9
ED,      4+ DIV,RURAL ,2,8.7,3,2,1,0,0,1
ED,     SUBTOTAL,RURAL ,97,228.5,188,108,76,4,5,108
ED,     2 AND 3 LN EXP,RURAL ,6.1,4.6,2,2,0,0,0,0
ED,     4+ DIV EXP,RURAL ,5.8,37.8,17,10,7,0,0,11
ED,     NON FWY,RURAL ,108.8,271,207,120,83,4,5,119
ED,     FREEWAY,RURAL ,7.2,107,49,32,15,2,2,18
ED,     TOTAL,RURAL ,116,377.9,256,152,98,6,7,137
ED,      2 AND 3 LN,URBAN,26.9,55.1,87,50,36,1,1,41
ED,      4+ UND,URBAN,0,0,0,0,0,0,0,0
ED,      4+ DIV,URBAN,6.7,51.2,121,83,38,0,0,62
ED,     SUBTOTAL,URBAN,33.7,106.3,208,133,74,1,1,103
ED,     2 AND 3 LN EXP,URBAN,0,0,0,0,0,0,0,0
ED,     4+ DIV EXP,URBAN,3.9,40.7,43,22,19,2,2,26
ED,     NON FWY,URBAN,37.6,147,251,155,93,3,3,129
ED,     FREEWAY,URBAN,18.6,285.4,123,75,48,0,0,67
ED,     TOTAL,URBAN,56.2,432.4,374,230,141,3,3,196
ED,      2 AND 3 LN,COUNTYWIDE,116.9,254.2,260,150,105,5,6,139
ED,      4+ UND,COUNTYWIDE,5,20.7,12,6,6,0,0,9
ED,      4+ DIV,COUNTYWIDE,8.8,59.9,124,85,39,0,0,63
ED,     SUBTOTAL,COUNTYWIDE,130.6,334.8,396,241,150,5,6,211
ED,     2 AND 3 LN EXP,COUNTYWIDE,6.1,4.6,2,2,0,0,0,0
ED,     4+ DIV EXP,COUNTYWIDE,9.7,78.6,60,32,26,2,2,37
ED,     NON FWY,COUNTYWIDE,146.4,417.9,458,275,176,7,8,248
ED,     FREEWAY,COUNTYWIDE,25.8,392.4,172,107,63,2,2,85
ED,     TOTAL,COUNTYWIDE,172.2,810.3,630,382,239,9,10,333
FRE,      2 AND 3 LN,RURAL ,301.8,501.1,416,209,193,14,16,284
FRE,      4+ UND,RURAL ,1.8,6.4,9,6,3,0,0,5
FRE,      4+ DIV,RURAL ,3.6,34.2,21,14,7,0,0,12
FRE,     SUBTOTAL,RURAL ,307.2,541.7,446,229,203,14,16,301
FRE,     2 AND 3 LN EXP,RURAL ,8.4,40.2,65,37,25,3,3,48
FRE,     4+ DIV EXP,RURAL ,21,103.5,84,55,28,1,1,52
FRE,     NON FWY,RURAL ,336.6,685.4,595,321,256,18,20,401
FRE,     FREEWAY,RURAL ,67,"1,039.80",291,184,102,5,8,175
FRE,     TOTAL,RURAL ,403.6,"1,725.10",886,505,358,23,28,576
FRE,      2 AND 3 LN,URBAN,39.4,75.2,76,47,26,3,5,43
FRE,      4+ UND,URBAN,2.5,5.9,3,3,0,0,0,0
FRE,      4+ DIV,URBAN,4.1,15,7,5,2,0,0,4
FRE,     SUBTOTAL,URBAN,46,96,86,55,28,3,5,47
FRE,     2 AND 3 LN EXP,URBAN,0.2,0.4,1,1,0,0,0,0
FRE,     4+ DIV EXP,URBAN,0,0,0,0,0,0,0,0
FRE,     NON FWY,URBAN,46.3,96.4,87,56,28,3,5,47
FRE,     FREEWAY,URBAN,68.3,"2,175.90","1,912","1,349",542,21,22,781
FRE,     TOTAL,URBAN,114.5,"2,272.40","1,999","1,405",570,24,27,828
FRE,      2 AND 3 LN,COUNTYWIDE,341.3,576.4,492,256,219,17,21,327
FRE,      4+ UND,COUNTYWIDE,4.3,12.2,12,9,3,0,0,5
FRE,      4+ DIV,COUNTYWIDE,7.7,49.2,28,19,9,0,0,16
FRE,     SUBTOTAL,COUNTYWIDE,353.2,637.8,532,284,231,17,21,348
FRE,     2 AND 3 LN EXP,COUNTYWIDE,8.6,40.6,66,38,25,3,3,48
FRE,     4+ DIV EXP,COUNTYWIDE,21,103.5,84,55,28,1,1,52
FRE,     NON FWY,COUNTYWIDE,382.9,781.8,682,377,284,21,25,448
FRE,     FREEWAY,COUNTYWIDE,135.3,"3,215.70","2,203","1,533",644,26,30,956
FRE,     TOTAL,COUNTYWIDE,518.2,"3,997.50","2,885","1,910",928,47,55,"1,404"
GLE,      2 AND 3 LN,RURAL ,75.1,72.1,69,35,33,1,1,41
GLE,      4+ UND,RURAL ,0,0,0,0,0,0,0,0
GLE,      4+ DIV,RURAL ,0,0,0,0,0,0,0,0
GLE,     SUBTOTAL,RURAL ,75.1,72.1,69,35,33,1,1,41
GLE,     2 AND 3 LN EXP,RURAL ,0,0,0,0,0,0,0,0
GLE,     4+ DIV EXP,RURAL ,0,0,0,0,0,0,0,0
GLE,     NON FWY,RURAL ,75.1,72.1,69,35,33,1,1,41
GLE,     FREEWAY,RURAL ,25.1,231.1,66,39,25,2,2,41
GLE,     TOTAL,RURAL ,100.1,303.2,135,74,58,3,3,82
GLE,      2 AND 3 LN,URBAN,4.9,10.9,10,8,2,0,0,2
GLE,      4+ UND,URBAN,1.4,1.8,0,0,0,0,0,0
GLE,      4+ DIV,URBAN,0.1,0.2,0,0,0,0,0,0
GLE,     SUBTOTAL,URBAN,6.4,12.9,10,8,2,0,0,2
GLE,     2 AND 3 LN EXP,URBAN,0,0,0,0,0,0,0,0
GLE,     4+ DIV EXP,URBAN,0,0,0,0,0,0,0,0
GLE,     NON FWY,URBAN,6.4,12.9,10,8,2,0,0,2
GLE,     FREEWAY,URBAN,3.8,37.1,8,6,2,0,0,3
GLE,     TOTAL,URBAN,10.1,50,18,14,4,0,0,5
GLE,      2 AND 3 LN,COUNTYWIDE,80,83,79,43,35,1,1,43
GLE,      4+ UND,COUNTYWIDE,1.4,1.8,0,0,0,0,0,0
GLE,      4+ DIV,COUNTYWIDE,0.1,0.2,0,0,0,0,0,0
GLE,     SUBTOTAL,COUNTYWIDE,81.4,85,79,43,35,1,1,43
GLE,     2 AND 3 LN EXP,COUNTYWIDE,0,0,0,0,0,0,0,0
GLE,     4+ DIV EXP,COUNTYWIDE,0,0,0,0,0,0,0,0
GLE,     NON FWY,COUNTYWIDE,81.4,85,79,43,35,1,1,43
GLE,     FREEWAY,COUNTYWIDE,28.8,268.2,74,45,27,2,2,44
GLE,     TOTAL,COUNTYWIDE,110.2,353.2,153,88,62,3,3,87
HUM,      2 AND 3 LN,RURAL ,175.8,138.9,183,121,61,1,1,84
HUM,      4+ UND,RURAL ,0.9,1.5,1,1,0,0,0,0
HUM,      4+ DIV,RURAL ,1.5,2.9,1,0,1,0,0,1
HUM,     SUBTOTAL,RURAL ,178.2,143.3,185,122,62,1,1,85
HUM,     2 AND 3 LN EXP,RURAL ,24,41,29,19,9,1,1,11
HUM,     4+ DIV EXP,RURAL ,17.8,38,16,9,7,0,0,12
HUM,     NON FWY,RURAL ,220,222.3,230,150,78,2,2,108
HUM,     FREEWAY,RURAL ,70.5,244.2,135,99,33,3,4,44
HUM,     TOTAL,RURAL ,290.5,466.5,365,249,111,5,6,152
HUM,      2 AND 3 LN,URBAN,4.4,5.4,15,9,6,0,0,6
HUM,      4+ UND,URBAN,0.3,2.6,0,0,0,0,0,0
HUM,      4+ DIV,URBAN,6.1,46.6,81,39,39,3,3,55
HUM,     SUBTOTAL,URBAN,10.8,54.5,96,48,45,3,3,61
HUM,     2 AND 3 LN EXP,URBAN,4.8,11.8,9,4,4,1,1,10
HUM,     4+ DIV EXP,URBAN,7.6,82.2,38,25,10,3,3,15
HUM,     NON FWY,URBAN,23.2,148.5,143,77,59,7,7,86
HUM,     FREEWAY,URBAN,22.1,176.2,118,78,38,2,2,43
HUM,     TOTAL,URBAN,45.3,324.7,261,155,97,9,9,129
HUM,      2 AND 3 LN,COUNTYWIDE,180.2,144.2,198,130,67,1,1,90
HUM,      4+ UND,COUNTYWIDE,1.2,4.1,1,1,0,0,0,0
HUM,      4+ DIV,COUNTYWIDE,7.6,49.5,82,39,40,3,3,56
HUM,     SUBTOTAL,COUNTYWIDE,189,197.8,281,170,107,4,4,146
HUM,     2 AND 3 LN EXP,COUNTYWIDE,28.8,52.8,38,23,13,2,2,21
HUM,     4+ DIV EXP,COUNTYWIDE,25.4,120.2,54,34,17,3,3,27
HUM,     NON FWY,COUNTYWIDE,243.1,370.8,373,227,137,9,9,194
HUM,     FREEWAY,COUNTYWIDE,92.6,420.4,253,177,71,5,6,87
HUM,     TOTAL,COUNTYWIDE,335.8,791.3,626,404,208,14,15,281
IMP,      2 AND 3 LN,RURAL ,206.7,224.1,115,53,53,9,11,79
IMP,      4+ UND,RURAL ,1,1,0,0,0,0,0,0
IMP,      4+ DIV,RURAL ,4.3,19.3,8,3,4,1,1,9
IMP,     SUBTOTAL,RURAL ,212,244.4,123,56,57,10,12,88
IMP,     2 AND 3 LN EXP,RURAL ,4.2,8.3,6,1,5,0,0,7
IMP,     4+ DIV EXP,RURAL ,70.9,419.5,152,81,66,5,5,119
IMP,     NON FWY,RURAL ,287.2,672.2,281,138,128,15,17,214
IMP,     FREEWAY,RURAL ,87.6,616.9,147,85,55,7,8,87
IMP,     TOTAL,RURAL ,374.8,"1,289.00",428,223,183,22,25,301
IMP,      2 AND 3 LN,URBAN,4.7,15.1,6,5,1,0,0,2
IMP,      4+ UND,URBAN,2.7,17.4,7,3,4,0,0,4
IMP,      4+ DIV,URBAN,8.6,65.2,27,3,24,0,0,42
IMP,     SUBTOTAL,URBAN,16,97.7,40,11,29,0,0,48
IMP,     2 AND 3 LN EXP,URBAN,0,0,0,0,0,0,0,0
IMP,     4+ DIV EXP,URBAN,11.5,100.2,62,37,23,2,2,41
IMP,     NON FWY,URBAN,27.5,198,102,48,52,2,2,89
IMP,     FREEWAY,URBAN,6.1,67.3,14,7,7,0,0,7
IMP,     TOTAL,URBAN,33.6,265.3,116,55,59,2,2,96
IMP,      2 AND 3 LN,COUNTYWIDE,211.4,239.2,121,58,54,9,11,81
IMP,      4+ UND,COUNTYWIDE,3.7,18.4,7,3,4,0,0,4
IMP,      4+ DIV,COUNTYWIDE,13,84.5,35,6,28,1,1,51
IMP,     SUBTOTAL,COUNTYWIDE,228.1,342.1,163,67,86,10,12,136
IMP,     2 AND 3 LN EXP,COUNTYWIDE,4.2,8.3,6,1,5,0,0,7
IMP,     4+ DIV EXP,COUNTYWIDE,82.4,519.7,214,118,89,7,7,160
IMP,     NON FWY,COUNTYWIDE,314.7,870.1,383,186,180,17,19,303
IMP,     FREEWAY,COUNTYWIDE,93.7,684.2,161,92,62,7,8,94
IMP,     TOTAL,COUNTYWIDE,408.4,"1,554.30",544,278,242,24,27,397
INY,      2 AND 3 LN,RURAL ,300.5,96.5,76,43,28,5,5,31
INY,      4+ UND,RURAL ,3.4,9.6,18,11,7,0,0,8
INY,      4+ DIV,RURAL ,50.5,140.4,74,53,20,1,1,24
INY,     SUBTOTAL,RURAL ,354.4,246.6,168,107,55,6,6,63
INY,     2 AND 3 LN EXP,RURAL ,5.1,10.2,7,6,1,0,0,1
INY,     4+ DIV EXP,RURAL ,64.7,164.1,40,25,13,2,4,16
INY,     NON FWY,RURAL ,424.2,420.9,215,138,69,8,10,80
INY,     FREEWAY,RURAL ,0,0,0,0,0,0,0,0
INY,     TOTAL,RURAL ,424.2,420.9,215,138,69,8,10,80
INY,      2 AND 3 LN,URBAN,0.2,0,0,0,0,0,0,0
INY,      4+ UND,URBAN,0,0,0,0,0,0,0,0
INY,      4+ DIV,URBAN,0,0,0,0,0,0,0,0
INY,     SUBTOTAL,URBAN,0.2,0,0,0,0,0,0,0
INY,     2 AND 3 LN EXP,URBAN,0,0,0,0,0,0,0,0
INY,     4+ DIV EXP,URBAN,0,0,0,0,0,0,0,0
INY,     NON FWY,URBAN,0.2,0,0,0,0,0,0,0
INY,     FREEWAY,URBAN,0,0,0,0,0,0,0,0
INY,     TOTAL,URBAN,0.2,0,0,0,0,0,0,0
INY,      2 AND 3 LN,COUNTYWIDE,300.7,96.6,76,43,28,5,5,31
INY,      4+ UND,COUNTYWIDE,3.4,9.6,18,11,7,0,0,8
INY,      4+ DIV,COUNTYWIDE,50.5,140.4,74,53,20,1,1,24
INY,     SUBTOTAL,COUNTYWIDE,354.6,246.6,168,107,55,6,6,63
INY,     2 AND 3 LN EXP,COUNTYWIDE,5.1,10.2,7,6,1,0,0,1
INY,     4+ DIV EXP,COUNTYWIDE,64.7,164.1,40,25,13,2,4,16
INY,     NON FWY,COUNTYWIDE,424.4,420.9,215,138,69,8,10,80
INY,     FREEWAY,COUNTYWIDE,0,0,0,0,0,0,0,0
INY,     TOTAL,COUNTYWIDE,424.4,420.9,215,138,69,8,10,80
KER,      2 AND 3 LN,RURAL ,346.6,499.3,467,263,188,16,19,341
KER,      4+ UND,RURAL ,3.3,3.8,1,1,0,0,0,0
KER,      4+ DIV,RURAL ,62,179.7,77,41,34,2,2,44
KER,     SUBTOTAL,RURAL ,411.9,682.8,545,305,222,18,21,385
KER,     2 AND 3 LN EXP,RURAL ,31.6,59.3,27,17,10,0,0,11
KER,     4+ DIV EXP,RURAL ,35.1,179.1,95,56,35,4,4,51
KER,     NON FWY,RURAL ,478.7,921.3,667,378,267,22,25,447
KER,     FREEWAY,RURAL ,172.2,"2,517.90",893,595,280,18,22,455
KER,     TOTAL,RURAL ,650.9,"3,439.20","1,560",973,547,40,47,902
KER,      2 AND 3 LN,URBAN,78.4,173.4,188,110,70,8,9,139
KER,      4+ UND,URBAN,2.2,7.8,14,13,1,0,0,1
KER,      4+ DIV,URBAN,23.7,135.9,143,85,53,5,5,76
KER,     SUBTOTAL,URBAN,104.3,317.2,345,208,124,13,14,216
KER,     2 AND 3 LN EXP,URBAN,5,27.3,18,9,9,0,0,11
KER,     4+ DIV EXP,URBAN,12.7,73.1,14,10,4,0,0,6
KER,     NON FWY,URBAN,122,417.6,377,227,137,13,14,233
KER,     FREEWAY,URBAN,72.6,"1,439.50",963,631,316,16,18,468
KER,     TOTAL,URBAN,194.7,"1,857.10","1,340",858,453,29,32,701
KER,      2 AND 3 LN,COUNTYWIDE,425,672.7,655,373,258,24,28,480
KER,      4+ UND,COUNTYWIDE,5.5,11.7,15,14,1,0,0,1
KER,      4+ DIV,COUNTYWIDE,85.6,315.6,220,126,87,7,7,120
KER,     SUBTOTAL,COUNTYWIDE,516.2,"1,000.10",890,513,346,31,35,601
KER,     2 AND 3 LN EXP,COUNTYWIDE,36.6,86.6,45,26,19,0,0,22
KER,     4+ DIV EXP,COUNTYWIDE,47.9,252.2,109,66,39,4,4,57
KER,     NON FWY,COUNTYWIDE,600.7,"1,338.90","1,044",605,404,35,39,680
KER,     FREEWAY,COUNTYWIDE,244.9,"3,957.40","1,856","1,226",596,34,40,923
KER,     TOTAL,COUNTYWIDE,845.6,"5,296.30","2,900","1,831","1,000",69,79,"1,603"
KIN,      2 AND 3 LN,RURAL ,62.4,165.4,84,45,36,3,7,67
KIN,      4+ UND,RURAL ,0.1,1.8,0,0,0,0,0,0
KIN,      4+ DIV,RURAL ,7.1,82.3,40,19,18,3,3,33
KIN,     SUBTOTAL,RURAL ,69.6,249.6,124,64,54,6,10,100
KIN,     2 AND 3 LN EXP,RURAL ,9.8,23.1,14,7,6,1,1,12
KIN,     4+ DIV EXP,RURAL ,6.1,40.4,24,10,14,0,0,17
KIN,     NON FWY,RURAL ,85.6,313,162,81,74,7,11,129
KIN,     FREEWAY,RURAL ,31.5,415.5,83,56,21,6,8,47
KIN,     TOTAL,RURAL ,117,728.5,245,137,95,13,19,176
KIN,      2 AND 3 LN,URBAN,10.6,16.5,12,7,4,1,1,16
KIN,      4+ UND,URBAN,0.2,0.2,0,0,0,0,0,0
KIN,      4+ DIV,URBAN,0,0,0,0,0,0,0,0
KIN,     SUBTOTAL,URBAN,10.7,16.7,12,7,4,1,1,16
KIN,     2 AND 3 LN EXP,URBAN,12.3,32.3,37,20,15,2,2,34
KIN,     4+ DIV EXP,URBAN,6.1,65.6,27,19,8,0,0,11
KIN,     NON FWY,URBAN,29.1,114.5,76,46,27,3,3,61
KIN,     FREEWAY,URBAN,10.5,127.6,67,31,35,1,1,51
KIN,     TOTAL,URBAN,39.7,242.2,143,77,62,4,4,112
KIN,      2 AND 3 LN,COUNTYWIDE,72.9,182,96,52,40,4,8,83
KIN,      4+ UND,COUNTYWIDE,0.3,2,0,0,0,0,0,0
KIN,      4+ DIV,COUNTYWIDE,7.1,82.3,40,19,18,3,3,33
KIN,     SUBTOTAL,COUNTYWIDE,80.3,266.3,136,71,58,7,11,116
KIN,     2 AND 3 LN EXP,COUNTYWIDE,22.1,55.3,51,27,21,3,3,46
KIN,     4+ DIV EXP,COUNTYWIDE,12.2,105.9,51,29,22,0,0,28
KIN,     NON FWY,COUNTYWIDE,114.7,427.6,238,127,101,10,14,190
KIN,     FREEWAY,COUNTYWIDE,42,543.1,150,87,56,7,9,98
KIN,     TOTAL,COUNTYWIDE,156.7,970.7,388,214,157,17,23,288
LA,      2 AND 3 LN,RURAL ,139.2,129.6,272,119,139,14,16,207
LA,      4+ UND,RURAL ,2,9.8,4,2,1,1,1,3
LA,      4+ DIV,RURAL ,13.9,99.5,67,33,30,4,4,63
LA,     SUBTOTAL,RURAL ,155.1,238.9,343,154,170,19,21,273
LA,     2 AND 3 LN EXP,RURAL ,0,0,0,0,0,0,0,0
LA,     4+ DIV EXP,RURAL ,0,0,0,0,0,0,0,0
LA,     NON FWY,RURAL ,155.1,238.9,343,154,170,19,21,273
LA,     FREEWAY,RURAL ,60.3,"1,507.00",956,636,313,7,7,492
LA,     TOTAL,RURAL ,215.3,"1,745.90","1,299",790,483,26,28,765
LA,      2 AND 3 LN,URBAN,15.1,68.5,105,49,54,2,2,85
LA,      4+ UND,URBAN,9.1,113.5,102,45,57,0,0,84
LA,      4+ DIV,URBAN,112.1,"1,515.50","1,281",653,605,23,24,910
LA,     SUBTOTAL,URBAN,136.3,"1,697.50","1,488",747,716,25,26,"1,079"
LA,     2 AND 3 LN EXP,URBAN,0,0,0,0,0,0,0,0
LA,     4+ DIV EXP,URBAN,3.2,91.9,151,100,51,0,0,63
LA,     NON FWY,URBAN,139.6,"1,789.40","1,639",847,767,25,26,"1,142"
LA,     FREEWAY,URBAN,476.8,"33,981.30","36,751","24,792","11,756",203,213,"17,010"
LA,     TOTAL,URBAN,616.4,"35,770.70","38,390","25,639","12,523",228,239,"18,152"
LA,      2 AND 3 LN,COUNTYWIDE,154.3,198.2,377,168,193,16,18,292
LA,      4+ UND,COUNTYWIDE,11,123.3,106,47,58,1,1,87
LA,      4+ DIV,COUNTYWIDE,126.1,"1,615.00","1,348",686,635,27,28,973
LA,     SUBTOTAL,COUNTYWIDE,291.4,"1,936.40","1,831",901,886,44,47,"1,352"
LA,     2 AND 3 LN EXP,COUNTYWIDE,0,0,0,0,0,0,0,0
LA,     4+ DIV EXP,COUNTYWIDE,3.2,91.9,151,100,51,0,0,63
LA,     NON FWY,COUNTYWIDE,294.6,"2,028.30","1,982","1,001",937,44,47,"1,415"
LA,     FREEWAY,COUNTYWIDE,537,"35,488.30","37,707","25,428","12,069",210,220,"17,502"
LA,     TOTAL,COUNTYWIDE,831.7,"37,516.60","39,689","26,429","13,006",254,267,"18,917"
LAK,      2 AND 3 LN,RURAL ,76.7,172.5,162,85,73,4,4,95
LAK,      4+ UND,RURAL ,0.7,2,2,0,2,0,0,6
LAK,      4+ DIV,RURAL ,0.1,0.2,1,1,0,0,0,0
LAK,     SUBTOTAL,RURAL ,77.5,174.7,165,86,75,4,4,101
LAK,     2 AND 3 LN EXP,RURAL ,27.9,102.5,87,50,34,3,3,45
LAK,     4+ DIV EXP,RURAL ,0.6,2.7,6,2,4,0,0,6
LAK,     NON FWY,RURAL ,105.9,279.9,258,138,113,7,7,152
LAK,     FREEWAY,RURAL ,0.7,1.9,0,0,0,0,0,0
LAK,     TOTAL,RURAL ,106.7,281.7,258,138,113,7,7,152
LAK,      2 AND 3 LN,URBAN,16.8,52.7,89,54,31,4,4,43
LAK,      4+ UND,URBAN,0,0.1,0,0,0,0,0,0
LAK,      4+ DIV,URBAN,0.8,5.4,9,5,4,0,0,5
LAK,     SUBTOTAL,URBAN,17.7,58.3,98,59,35,4,4,48
LAK,     2 AND 3 LN EXP,URBAN,2.2,4.2,3,2,1,0,0,1
LAK,     4+ DIV EXP,URBAN,2.8,16.8,17,6,10,1,1,16
LAK,     NON FWY,URBAN,22.7,79.3,118,67,46,5,5,65
LAK,     FREEWAY,URBAN,6.4,27.6,7,2,4,1,1,5
LAK,     TOTAL,URBAN,29.1,106.9,125,69,50,6,6,70
LAK,      2 AND 3 LN,COUNTYWIDE,93.5,225.2,251,139,104,8,8,138
LAK,      4+ UND,COUNTYWIDE,0.7,2.1,2,0,2,0,0,6
LAK,      4+ DIV,COUNTYWIDE,0.9,5.6,10,6,4,0,0,5
LAK,     SUBTOTAL,COUNTYWIDE,95.1,232.9,263,145,110,8,8,149
LAK,     2 AND 3 LN EXP,COUNTYWIDE,30.1,106.7,90,52,35,3,3,46
LAK,     4+ DIV EXP,COUNTYWIDE,3.4,19.5,23,8,14,1,1,22
LAK,     NON FWY,COUNTYWIDE,128.6,359.2,376,205,159,12,12,217
LAK,     FREEWAY,COUNTYWIDE,7.2,29.5,7,2,4,1,1,5
LAK,     TOTAL,COUNTYWIDE,135.8,388.6,383,207,163,13,13,222
LAS,      2 AND 3 LN,RURAL ,237.1,165.9,116,73,38,5,5,69
LAS,      4+ UND,RURAL ,1.3,1.1,2,1,0,1,1,0
LAS,      4+ DIV,RURAL ,0.1,0.1,0,0,0,0,0,0
LAS,     SUBTOTAL,RURAL ,238.5,167.2,118,74,38,6,6,69
LAS,     2 AND 3 LN EXP,RURAL ,45.4,69.7,43,29,13,1,1,25
LAS,     4+ DIV EXP,RURAL ,4.7,13.7,2,1,1,0,0,1
LAS,     NON FWY,RURAL ,288.6,250.5,163,104,52,7,7,95
LAS,     FREEWAY,RURAL ,2.8,8.4,4,3,1,0,0,1
LAS,     TOTAL,RURAL ,291.3,258.9,167,107,53,7,7,96
LAS,      2 AND 3 LN,URBAN,7.4,5.6,7,4,3,0,0,3
LAS,      4+ UND,URBAN,1.2,4.6,3,0,3,0,0,5
LAS,      4+ DIV,URBAN,0.5,2.5,3,2,1,0,0,1
LAS,     SUBTOTAL,URBAN,9.1,12.7,13,6,7,0,0,9
LAS,     2 AND 3 LN EXP,URBAN,2.9,8.7,2,2,0,0,0,0
LAS,     4+ DIV EXP,URBAN,0,0,0,0,0,0,0,0
LAS,     NON FWY,URBAN,11.9,21.4,15,8,7,0,0,9
LAS,     FREEWAY,URBAN,0,0,0,0,0,0,0,0
LAS,     TOTAL,URBAN,11.9,21.4,15,8,7,0,0,9
LAS,      2 AND 3 LN,COUNTYWIDE,244.4,171.6,123,77,41,5,5,72
LAS,      4+ UND,COUNTYWIDE,2.5,5.7,5,1,3,1,1,5
LAS,      4+ DIV,COUNTYWIDE,0.6,2.6,3,2,1,0,0,1
LAS,     SUBTOTAL,COUNTYWIDE,247.5,179.9,131,80,45,6,6,78
LAS,     2 AND 3 LN EXP,COUNTYWIDE,48.3,78.4,45,31,13,1,1,25
LAS,     4+ DIV EXP,COUNTYWIDE,4.7,13.7,2,1,1,0,0,1
LAS,     NON FWY,COUNTYWIDE,300.5,272,178,112,59,7,7,104
LAS,     FREEWAY,COUNTYWIDE,2.8,8.4,4,3,1,0,0,1
LAS,     TOTAL,COUNTYWIDE,303.3,280.3,182,115,60,7,7,105
MAD,      2 AND 3 LN,RURAL ,73,280.7,252,136,108,8,12,184
MAD,      4+ UND,RURAL ,0.7,3.9,2,1,1,0,0,2
MAD,      4+ DIV,RURAL ,0.5,3.1,0,0,0,0,0,0
MAD,     SUBTOTAL,RURAL ,74.2,287.8,254,137,109,8,12,186
MAD,     2 AND 3 LN EXP,RURAL ,0.8,1.9,2,0,2,0,0,4
MAD,     4+ DIV EXP,RURAL ,16.2,103.9,34,15,18,1,1,33
MAD,     NON FWY,RURAL ,91.2,393.6,290,152,129,9,13,223
MAD,     FREEWAY,RURAL ,17.8,475.9,271,204,65,2,2,93
MAD,     TOTAL,RURAL ,109,869.5,561,356,194,11,15,316
MAD,      2 AND 3 LN,URBAN,4.6,17.8,54,46,8,0,0,10
MAD,      4+ UND,URBAN,1,5.7,10,7,2,1,1,3
MAD,      4+ DIV,URBAN,1.6,7.2,17,13,4,0,0,5
MAD,     SUBTOTAL,URBAN,7.3,30.6,81,66,14,1,1,18
MAD,     2 AND 3 LN EXP,URBAN,0,0,0,0,0,0,0,0
MAD,     4+ DIV EXP,URBAN,0,0,0,0,0,0,0,0
MAD,     NON FWY,URBAN,7.3,30.6,81,66,14,1,1,18
MAD,     FREEWAY,URBAN,14.3,329.1,153,101,48,4,4,72
MAD,     TOTAL,URBAN,21.6,359.7,234,167,62,5,5,90
MAD,      2 AND 3 LN,COUNTYWIDE,77.6,298.5,306,182,116,8,12,194
MAD,      4+ UND,COUNTYWIDE,1.7,9.6,12,8,3,1,1,5
MAD,      4+ DIV,COUNTYWIDE,2.1,10.3,17,13,4,0,0,5
MAD,     SUBTOTAL,COUNTYWIDE,81.4,318.4,335,203,123,9,13,204
MAD,     2 AND 3 LN EXP,COUNTYWIDE,0.8,1.9,2,0,2,0,0,4
MAD,     4+ DIV EXP,COUNTYWIDE,16.2,103.9,34,15,18,1,1,33
MAD,     NON FWY,COUNTYWIDE,98.4,424.2,371,218,143,10,14,241
MAD,     FREEWAY,COUNTYWIDE,32.1,805,424,305,113,6,6,165
MAD,     TOTAL,COUNTYWIDE,130.6,"1,229.20",795,523,256,16,20,406
MEN,      2 AND 3 LN,RURAL ,281.6,272.1,314,206,101,7,7,142
MEN,      4+ UND,RURAL ,3.2,10.5,5,5,0,0,0,0
MEN,      4+ DIV,RURAL ,3.6,14.1,5,3,2,0,0,3
MEN,     SUBTOTAL,RURAL ,288.4,296.7,324,214,103,7,7,145
MEN,     2 AND 3 LN EXP,RURAL ,18.6,65.1,28,12,15,1,1,25
MEN,     4+ DIV EXP,RURAL ,30.8,126.5,104,69,33,2,2,43
MEN,     NON FWY,RURAL ,337.8,488.4,456,295,151,10,10,213
MEN,     FREEWAY,RURAL ,18.9,50.9,36,28,8,0,0,10
MEN,     TOTAL,RURAL ,356.6,539.3,492,323,159,10,10,223
MEN,      2 AND 3 LN,URBAN,11.9,29.4,39,24,15,0,0,16
MEN,      4+ UND,URBAN,0.3,1.7,7,5,2,0,0,2
MEN,      4+ DIV,URBAN,2,9.2,16,12,4,0,0,6
MEN,     SUBTOTAL,URBAN,14.1,40.4,62,41,21,0,0,24
MEN,     2 AND 3 LN EXP,URBAN,0.2,0.9,0,0,0,0,0,0
MEN,     4+ DIV EXP,URBAN,1.8,9.4,4,3,1,0,0,1
MEN,     NON FWY,URBAN,16.1,50.6,66,44,22,0,0,25
MEN,     FREEWAY,URBAN,12.8,117.9,59,46,10,3,3,17
MEN,     TOTAL,URBAN,28.9,168.5,125,90,32,3,3,42
MEN,      2 AND 3 LN,COUNTYWIDE,293.5,301.6,353,230,116,7,7,158
MEN,      4+ UND,COUNTYWIDE,3.5,12.2,12,10,2,0,0,2
MEN,      4+ DIV,COUNTYWIDE,5.6,23.4,21,15,6,0,0,9
MEN,     SUBTOTAL,COUNTYWIDE,302.6,337.1,386,255,124,7,7,169
MEN,     2 AND 3 LN EXP,COUNTYWIDE,18.7,66,28,12,15,1,1,25
MEN,     4+ DIV EXP,COUNTYWIDE,32.6,135.9,108,72,34,2,2,44
MEN,     NON FWY,COUNTYWIDE,353.9,539,522,339,173,10,10,238
MEN,     FREEWAY,COUNTYWIDE,31.6,168.8,95,74,18,3,3,27
MEN,     TOTAL,COUNTYWIDE,385.5,707.8,617,413,191,13,13,265
MER,      2 AND 3 LN,RURAL ,111.9,222.7,232,123,99,10,14,179
MER,      4+ UND,RURAL ,1.3,5.6,3,1,2,0,0,2
MER,      4+ DIV,RURAL ,0.5,3,8,5,2,1,1,3
MER,     SUBTOTAL,RURAL ,113.7,231.3,243,129,103,11,15,184
MER,     2 AND 3 LN EXP,RURAL ,0,0,0,0,0,0,0,0
MER,     4+ DIV EXP,RURAL ,37.3,355,243,142,97,4,4,156
MER,     NON FWY,RURAL ,151.1,586.2,486,271,200,15,19,340
MER,     FREEWAY,RURAL ,46.6,741.7,250,170,77,3,3,118
MER,     TOTAL,RURAL ,197.6,"1,327.90",736,441,277,18,22,458
MER,      2 AND 3 LN,URBAN,25.9,81.6,132,79,52,1,1,78
MER,      4+ UND,URBAN,2,9.4,14,6,8,0,0,15
MER,      4+ DIV,URBAN,7.2,58.7,143,84,58,1,1,93
MER,     SUBTOTAL,URBAN,35.1,149.8,289,169,118,2,2,186
MER,     2 AND 3 LN EXP,URBAN,0,0,0,0,0,0,0,0
MER,     4+ DIV EXP,URBAN,0.9,8,2,1,0,1,1,1
MER,     NON FWY,URBAN,36,157.8,291,170,118,3,3,187
MER,     FREEWAY,URBAN,23.2,474.3,671,455,212,4,4,341
MER,     TOTAL,URBAN,59.2,632.1,962,625,330,7,7,528
MER,      2 AND 3 LN,COUNTYWIDE,137.8,304.3,364,202,151,11,15,257
MER,      4+ UND,COUNTYWIDE,3.4,15,17,7,10,0,0,17
MER,      4+ DIV,COUNTYWIDE,7.6,61.7,151,89,60,2,2,96
MER,     SUBTOTAL,COUNTYWIDE,148.8,381,532,298,221,13,17,370
MER,     2 AND 3 LN EXP,COUNTYWIDE,0,0,0,0,0,0,0,0
MER,     4+ DIV EXP,COUNTYWIDE,38.3,363,245,143,97,5,5,157
MER,     NON FWY,COUNTYWIDE,187.1,744,777,441,318,18,22,527
MER,     FREEWAY,COUNTYWIDE,69.7,"1,216.00",921,625,289,7,7,459
MER,     TOTAL,COUNTYWIDE,256.8,"1,960.00","1,698","1,066",607,25,29,986
MNO,      2 AND 3 LN,RURAL ,231.8,124.8,102,71,29,2,2,43
MNO,      4+ UND,RURAL ,7.1,12.5,7,5,2,0,0,2
MNO,      4+ DIV,RURAL ,32,61.2,46,30,16,0,0,21
MNO,     SUBTOTAL,RURAL ,270.8,198.6,155,106,47,2,2,66
MNO,     2 AND 3 LN EXP,RURAL ,17,9.9,13,11,2,0,0,3
MNO,     4+ DIV EXP,RURAL ,26.8,64.7,29,24,3,2,2,6
MNO,     NON FWY,RURAL ,314.7,273.2,197,141,52,4,4,75
MNO,     FREEWAY,RURAL ,0,0,0,0,0,0,0,0
MNO,     TOTAL,RURAL ,314.7,273.2,197,141,52,4,4,75
MNO,      2 AND 3 LN,URBAN,0,0,0,0,0,0,0,0
MNO,      4+ UND,URBAN,0,0,0,0,0,0,0,0
MNO,      4+ DIV,URBAN,0,0,0,0,0,0,0,0
MNO,     SUBTOTAL,URBAN,0,0,0,0,0,0,0,0
MNO,     2 AND 3 LN EXP,URBAN,0,0,0,0,0,0,0,0
MNO,     4+ DIV EXP,URBAN,0,0,0,0,0,0,0,0
MNO,     NON FWY,URBAN,0,0,0,0,0,0,0,0
MNO,     FREEWAY,URBAN,0,0,0,0,0,0,0,0
MNO,     TOTAL,URBAN,0,0,0,0,0,0,0,0
MNO,      2 AND 3 LN,COUNTYWIDE,231.8,124.8,102,71,29,2,2,43
MNO,      4+ UND,COUNTYWIDE,7.1,12.5,7,5,2,0,0,2
MNO,      4+ DIV,COUNTYWIDE,32,61.2,46,30,16,0,0,21
MNO,     SUBTOTAL,COUNTYWIDE,270.8,198.6,155,106,47,2,2,66
MNO,     2 AND 3 LN EXP,COUNTYWIDE,17,9.9,13,11,2,0,0,3
MNO,     4+ DIV EXP,COUNTYWIDE,26.8,64.7,29,24,3,2,2,6
MNO,     NON FWY,COUNTYWIDE,314.7,273.2,197,141,52,4,4,75
MNO,     FREEWAY,COUNTYWIDE,0,0,0,0,0,0,0,0
MNO,     TOTAL,COUNTYWIDE,314.7,273.2,197,141,52,4,4,75
MOD,      2 AND 3 LN,RURAL ,160.2,76.3,71,47,23,1,1,29
MOD,      4+ UND,RURAL ,1.5,2.1,1,1,0,0,0,0
MOD,      4+ DIV,RURAL ,0,0,0,0,0,0,0,0
MOD,     SUBTOTAL,RURAL ,161.6,78.4,72,48,23,1,1,29
MOD,     2 AND 3 LN EXP,RURAL ,16,6.9,3,2,1,0,0,1
MOD,     4+ DIV EXP,RURAL ,0,0,0,0,0,0,0,0
MOD,     NON FWY,RURAL ,177.6,85.3,75,50,24,1,1,30
MOD,     FREEWAY,RURAL ,0,0,0,0,0,0,0,0
MOD,     TOTAL,RURAL ,177.6,85.3,75,50,24,1,1,30
MOD,      2 AND 3 LN,URBAN,0,0,0,0,0,0,0,0
MOD,      4+ UND,URBAN,0,0,0,0,0,0,0,0
MOD,      4+ DIV,URBAN,0,0,0,0,0,0,0,0
MOD,     SUBTOTAL,URBAN,0,0,0,0,0,0,0,0
MOD,     2 AND 3 LN EXP,URBAN,0,0,0,0,0,0,0,0
MOD,     4+ DIV EXP,URBAN,0,0,0,0,0,0,0,0
MOD,     NON FWY,URBAN,0,0,0,0,0,0,0,0
MOD,     FREEWAY,URBAN,0,0,0,0,0,0,0,0
MOD,     TOTAL,URBAN,0,0,0,0,0,0,0,0
MOD,      2 AND 3 LN,COUNTYWIDE,160.2,76.3,71,47,23,1,1,29
MOD,      4+ UND,COUNTYWIDE,1.5,2.1,1,1,0,0,0,0
MOD,      4+ DIV,COUNTYWIDE,0,0,0,0,0,0,0,0
MOD,     SUBTOTAL,COUNTYWIDE,161.6,78.4,72,48,23,1,1,29
MOD,     2 AND 3 LN EXP,COUNTYWIDE,16,6.9,3,2,1,0,0,1
MOD,     4+ DIV EXP,COUNTYWIDE,0,0,0,0,0,0,0,0
MOD,     NON FWY,COUNTYWIDE,177.6,85.3,75,50,24,1,1,30
MOD,     FREEWAY,COUNTYWIDE,0,0,0,0,0,0,0,0
MOD,     TOTAL,COUNTYWIDE,177.6,85.3,75,50,24,1,1,30
MON,      2 AND 3 LN,RURAL ,121.8,179.8,165,90,67,8,8,90
MON,      4+ UND,RURAL ,0.1,0.8,4,2,2,0,0,3
MON,      4+ DIV,RURAL ,0.3,4.8,8,6,2,0,0,3
MON,     SUBTOTAL,RURAL ,122.2,185.3,177,98,71,8,8,96
MON,     2 AND 3 LN EXP,RURAL ,3.4,34.4,19,11,7,1,1,13
MON,     4+ DIV EXP,RURAL ,18.7,275.8,150,89,59,2,2,98
MON,     NON FWY,RURAL ,144.3,495.4,346,198,137,11,11,207
MON,     FREEWAY,RURAL ,59,618.6,220,154,65,1,1,88
MON,     TOTAL,RURAL ,203.2,"1,114.00",566,352,202,12,12,295
MON,      2 AND 3 LN,URBAN,31.3,216.6,231,144,86,1,1,118
MON,      4+ UND,URBAN,3.3,34.4,29,15,14,0,0,16
MON,      4+ DIV,URBAN,4.8,53.3,31,15,14,2,2,20
MON,     SUBTOTAL,URBAN,39.4,304.4,291,174,114,3,3,154
MON,     2 AND 3 LN EXP,URBAN,0.3,3,3,2,1,0,0,1
MON,     4+ DIV EXP,URBAN,10.8,228.4,181,131,49,1,1,74
MON,     NON FWY,URBAN,50.5,535.8,475,307,164,4,4,229
MON,     FREEWAY,URBAN,31.6,549.5,521,367,148,6,6,201
MON,     TOTAL,URBAN,82.1,"1,085.20",996,674,312,10,10,430
MON,      2 AND 3 LN,COUNTYWIDE,153.1,396.5,396,234,153,9,9,208
MON,      4+ UND,COUNTYWIDE,3.4,35.2,33,17,16,0,0,19
MON,      4+ DIV,COUNTYWIDE,5.1,58,39,21,16,2,2,23
MON,     SUBTOTAL,COUNTYWIDE,161.6,489.7,468,272,185,11,11,250
MON,     2 AND 3 LN EXP,COUNTYWIDE,3.6,37.4,22,13,8,1,1,14
MON,     4+ DIV EXP,COUNTYWIDE,29.6,504.2,331,220,108,3,3,172
MON,     NON FWY,COUNTYWIDE,194.8,"1,031.20",821,505,301,15,15,436
MON,     FREEWAY,COUNTYWIDE,90.6,"1,168.10",741,521,213,7,7,289
MON,     TOTAL,COUNTYWIDE,285.3,"2,199.30","1,562","1,026",514,22,22,725
MPA,      2 AND 3 LN,RURAL ,94.3,84,75,52,23,0,0,29
MPA,      4+ UND,RURAL ,0.4,0.3,0,0,0,0,0,0
MPA,      4+ DIV,RURAL ,2.5,3.7,1,1,0,0,0,0
MPA,     SUBTOTAL,RURAL ,97.2,88.1,76,53,23,0,0,29
MPA,     2 AND 3 LN EXP,RURAL ,19.9,34.2,36,22,13,1,1,15
MPA,     4+ DIV EXP,RURAL ,0,0,0,0,0,0,0,0
MPA,     NON FWY,RURAL ,117.1,122.3,112,75,36,1,1,44
MPA,     FREEWAY,RURAL ,0,0,0,0,0,0,0,0
MPA,     TOTAL,RURAL ,117.1,122.3,112,75,36,1,1,44
MPA,      2 AND 3 LN,URBAN,0,0,0,0,0,0,0,0
MPA,      4+ UND,URBAN,0,0,0,0,0,0,0,0
MPA,      4+ DIV,URBAN,0,0,0,0,0,0,0,0
MPA,     SUBTOTAL,URBAN,0,0,0,0,0,0,0,0
MPA,     2 AND 3 LN EXP,URBAN,0,0,0,0,0,0,0,0
MPA,     4+ DIV EXP,URBAN,0,0,0,0,0,0,0,0
MPA,     NON FWY,URBAN,0,0,0,0,0,0,0,0
MPA,     FREEWAY,URBAN,0,0,0,0,0,0,0,0
MPA,     TOTAL,URBAN,0,0,0,0,0,0,0,0
MPA,      2 AND 3 LN,COUNTYWIDE,94.3,84,75,52,23,0,0,29
MPA,      4+ UND,COUNTYWIDE,0.4,0.3,0,0,0,0,0,0
MPA,      4+ DIV,COUNTYWIDE,2.5,3.7,1,1,0,0,0,0
MPA,     SUBTOTAL,COUNTYWIDE,97.2,88.1,76,53,23,0,0,29
MPA,     2 AND 3 LN EXP,COUNTYWIDE,19.9,34.2,36,22,13,1,1,15
MPA,     4+ DIV EXP,COUNTYWIDE,0,0,0,0,0,0,0,0
MPA,     NON FWY,COUNTYWIDE,117.1,122.3,112,75,36,1,1,44
MPA,     FREEWAY,COUNTYWIDE,0,0,0,0,0,0,0,0
MPA,     TOTAL,COUNTYWIDE,117.1,122.3,112,75,36,1,1,44
MRN,      2 AND 3 LN,RURAL ,44.5,44.4,42,12,30,0,0,32
MRN,      4+ UND,RURAL ,0,0,0,0,0,0,0,0
MRN,      4+ DIV,RURAL ,0,0,0,0,0,0,0,0
MRN,     SUBTOTAL,RURAL ,44.5,44.4,42,12,30,0,0,32
MRN,     2 AND 3 LN EXP,RURAL ,0,0,0,0,0,0,0,0
MRN,     4+ DIV EXP,RURAL ,0,0,0,0,0,0,0,0
MRN,     NON FWY,RURAL ,44.5,44.4,42,12,30,0,0,32
MRN,     FREEWAY,RURAL ,0,0,0,0,0,0,0,0
MRN,     TOTAL,RURAL ,44.5,44.4,42,12,30,0,0,32
MRN,      2 AND 3 LN,URBAN,8.5,34.5,18,9,9,0,0,12
MRN,      4+ UND,URBAN,0,0,0,0,0,0,0,0
MRN,      4+ DIV,URBAN,1.7,17.1,8,5,3,0,0,3
MRN,     SUBTOTAL,URBAN,10.2,51.6,26,14,12,0,0,15
MRN,     2 AND 3 LN EXP,URBAN,0,0,0,0,0,0,0,0
MRN,     4+ DIV EXP,URBAN,3.4,43.9,10,6,4,0,0,5
MRN,     NON FWY,URBAN,13.6,95.5,36,20,16,0,0,20
MRN,     FREEWAY,URBAN,32.3,"1,321.10",766,489,270,7,8,389
MRN,     TOTAL,URBAN,45.9,"1,416.60",802,509,286,7,8,409
MRN,      2 AND 3 LN,COUNTYWIDE,53,78.9,60,21,39,0,0,44
MRN,      4+ UND,COUNTYWIDE,0,0,0,0,0,0,0,0
MRN,      4+ DIV,COUNTYWIDE,1.7,17.1,8,5,3,0,0,3
MRN,     SUBTOTAL,COUNTYWIDE,54.7,95.9,68,26,42,0,0,47
MRN,     2 AND 3 LN EXP,COUNTYWIDE,0,0,0,0,0,0,0,0
MRN,     4+ DIV EXP,COUNTYWIDE,3.4,43.9,10,6,4,0,0,5
MRN,     NON FWY,COUNTYWIDE,58.1,139.8,78,32,46,0,0,52
MRN,     FREEWAY,COUNTYWIDE,32.3,"1,321.10",766,489,270,7,8,389
MRN,     TOTAL,COUNTYWIDE,90.4,"1,461.00",844,521,316,7,8,441
NAP,      2 AND 3 LN,RURAL ,71.9,210,249,152,96,1,1,136
NAP,      4+ UND,RURAL ,0.3,1.9,3,1,2,0,0,5
NAP,      4+ DIV,RURAL ,3.2,47.6,34,22,12,0,0,17
NAP,     SUBTOTAL,RURAL ,75.4,259.5,286,175,110,1,1,158
NAP,     2 AND 3 LN EXP,RURAL ,4.6,39.3,41,26,15,0,0,17
NAP,     4+ DIV EXP,RURAL ,5.7,96.2,86,59,27,0,0,37
NAP,     NON FWY,RURAL ,85.7,395.1,413,260,152,1,1,212
NAP,     FREEWAY,RURAL ,0,0,0,0,0,0,0,0
NAP,     TOTAL,RURAL ,85.7,395.1,413,260,152,1,1,212
NAP,      2 AND 3 LN,URBAN,6.6,19.9,39,23,16,0,0,25
NAP,      4+ UND,URBAN,0.2,1.1,1,0,1,0,0,1
NAP,      4+ DIV,URBAN,7.8,87.9,102,59,43,0,0,83
NAP,     SUBTOTAL,URBAN,14.6,108.9,142,82,60,0,0,109
NAP,     2 AND 3 LN EXP,URBAN,0,0,0,0,0,0,0,0
NAP,     4+ DIV EXP,URBAN,7.1,114.6,53,27,23,3,4,44
NAP,     NON FWY,URBAN,21.6,223.5,195,109,83,3,4,153
NAP,     FREEWAY,URBAN,4.5,127.7,57,38,18,1,1,22
NAP,     TOTAL,URBAN,26.2,351.2,252,147,101,4,5,175
NAP,      2 AND 3 LN,COUNTYWIDE,78.5,229.9,288,175,112,1,1,161
NAP,      4+ UND,COUNTYWIDE,0.4,3,4,1,3,0,0,6
NAP,      4+ DIV,COUNTYWIDE,11.1,135.5,136,81,55,0,0,100
NAP,     SUBTOTAL,COUNTYWIDE,90,368.4,428,257,170,1,1,267
NAP,     2 AND 3 LN EXP,COUNTYWIDE,4.6,39.3,41,26,15,0,0,17
NAP,     4+ DIV EXP,COUNTYWIDE,12.8,210.9,139,86,50,3,4,81
NAP,     NON FWY,COUNTYWIDE,107.4,618.7,608,369,235,4,5,365
NAP,     FREEWAY,COUNTYWIDE,4.5,127.7,57,38,18,1,1,22
NAP,     TOTAL,COUNTYWIDE,111.9,746.4,665,407,253,5,6,387
NEV,      2 AND 3 LN,RURAL ,47,75.5,89,48,37,4,5,50
NEV,      4+ UND,RURAL ,1.3,9.5,13,7,6,0,0,12
NEV,      4+ DIV,RURAL ,0.4,2.5,5,5,0,0,0,0
NEV,     SUBTOTAL,RURAL ,48.8,87.4,107,60,43,4,5,62
NEV,     2 AND 3 LN EXP,RURAL ,13.9,72.2,36,28,8,0,0,10
NEV,     4+ DIV EXP,RURAL ,1.9,19.1,4,3,0,1,1,0
NEV,     NON FWY,RURAL ,64.6,178.8,147,91,51,5,6,72
NEV,     FREEWAY,RURAL ,22.2,238.3,144,96,48,0,0,63
NEV,     TOTAL,RURAL ,86.8,417.1,291,187,99,5,6,135
NEV,      2 AND 3 LN,URBAN,17,78.9,76,50,23,3,3,34
NEV,      4+ UND,URBAN,0.1,0.7,3,2,1,0,0,1
NEV,      4+ DIV,URBAN,0.8,6.9,5,3,2,0,0,2
NEV,     SUBTOTAL,URBAN,17.9,86.5,84,55,26,3,3,37
NEV,     2 AND 3 LN EXP,URBAN,3.3,8.9,4,1,3,0,0,4
NEV,     4+ DIV EXP,URBAN,1.5,12.7,29,21,8,0,0,19
NEV,     NON FWY,URBAN,22.6,108.1,117,77,37,3,3,60
NEV,     FREEWAY,URBAN,19,214.3,153,113,40,0,0,57
NEV,     TOTAL,URBAN,41.7,322.3,270,190,77,3,3,117
NEV,      2 AND 3 LN,COUNTYWIDE,64,154.4,165,98,60,7,8,84
NEV,      4+ UND,COUNTYWIDE,1.4,10.2,16,9,7,0,0,13
NEV,      4+ DIV,COUNTYWIDE,1.2,9.3,10,8,2,0,0,2
NEV,     SUBTOTAL,COUNTYWIDE,66.6,173.9,191,115,69,7,8,99
NEV,     2 AND 3 LN EXP,COUNTYWIDE,17.2,81.1,40,29,11,0,0,14
NEV,     4+ DIV EXP,COUNTYWIDE,3.4,31.8,33,24,8,1,1,19
NEV,     NON FWY,COUNTYWIDE,87.3,286.8,264,168,88,8,9,132
NEV,     FREEWAY,COUNTYWIDE,41.2,452.6,297,209,88,0,0,120
NEV,     TOTAL,COUNTYWIDE,128.5,739.4,561,377,176,8,9,252
ORA,      2 AND 3 LN,RURAL ,3.3,10.2,14,6,7,1,1,8
ORA,      4+ UND,RURAL ,0,0,0,0,0,0,0,0
ORA,      4+ DIV,RURAL ,0,0,0,0,0,0,0,0
ORA,     SUBTOTAL,RURAL ,3.3,10.2,14,6,7,1,1,8
ORA,     2 AND 3 LN EXP,RURAL ,0,0,0,0,0,0,0,0
ORA,     4+ DIV EXP,RURAL ,0,0,0,0,0,0,0,0
ORA,     NON FWY,RURAL ,3.3,10.2,14,6,7,1,1,8
ORA,     FREEWAY,RURAL ,0,0,0,0,0,0,0,0
ORA,     TOTAL,RURAL ,3.3,10.2,14,6,7,1,1,8
ORA,      2 AND 3 LN,URBAN,18.1,138.1,90,43,46,1,1,63
ORA,      4+ UND,URBAN,2.9,33.9,61,46,15,0,0,22
ORA,      4+ DIV,URBAN,61.2,"1,051.60","1,082",494,566,22,26,766
ORA,     SUBTOTAL,URBAN,82.2,"1,223.50","1,233",583,627,23,27,851
ORA,     2 AND 3 LN EXP,URBAN,0,0.6,0,0,0,0,0,0
ORA,     4+ DIV EXP,URBAN,2.9,63.2,51,23,26,2,2,37
ORA,     NON FWY,URBAN,85.1,"1,287.30","1,284",606,653,25,29,888
ORA,     FREEWAY,URBAN,187.2,"10,564.10","9,089","5,957","3,076",56,58,"4,316"
ORA,     TOTAL,URBAN,272.3,"11,851.40","10,373","6,563","3,729",81,87,"5,204"
ORA,      2 AND 3 LN,COUNTYWIDE,21.4,148.3,104,49,53,2,2,71
ORA,      4+ UND,COUNTYWIDE,2.9,33.9,61,46,15,0,0,22
ORA,      4+ DIV,COUNTYWIDE,61.2,"1,051.60","1,082",494,566,22,26,766
ORA,     SUBTOTAL,COUNTYWIDE,85.5,"1,233.70","1,247",589,634,24,28,859
ORA,     2 AND 3 LN EXP,COUNTYWIDE,0,0.6,0,0,0,0,0,0
ORA,     4+ DIV EXP,COUNTYWIDE,2.9,63.2,51,23,26,2,2,37
ORA,     NON FWY,COUNTYWIDE,88.4,"1,297.60","1,298",612,660,26,30,896
ORA,     FREEWAY,COUNTYWIDE,187.2,"10,564.10","9,089","5,957","3,076",56,58,"4,316"
ORA,     TOTAL,COUNTYWIDE,275.6,"11,861.60","10,387","6,569","3,736",82,88,"5,212"
PLA,      2 AND 3 LN,RURAL ,45.7,153,120,77,41,2,3,50
PLA,      4+ UND,RURAL ,2.9,22.1,1,1,0,0,0,0
PLA,      4+ DIV,RURAL ,0.5,4.9,3,1,2,0,0,2
PLA,     SUBTOTAL,RURAL ,49.1,179.9,124,79,43,2,3,52
PLA,     2 AND 3 LN EXP,RURAL ,4.4,33.5,3,3,0,0,0,0
PLA,     4+ DIV EXP,RURAL ,1.4,10.9,11,6,5,0,0,8
PLA,     NON FWY,RURAL ,54.9,224.3,138,88,48,2,3,60
PLA,     FREEWAY,RURAL ,49,572.3,301,184,114,3,3,155
PLA,     TOTAL,RURAL ,103.8,796.6,439,272,162,5,6,215
PLA,      2 AND 3 LN,URBAN,11.5,35.9,45,23,19,3,3,24
PLA,      4+ UND,URBAN,1.8,7.8,9,4,5,0,0,10
PLA,      4+ DIV,URBAN,4.6,42.8,40,21,19,0,0,28
PLA,     SUBTOTAL,URBAN,17.9,86.6,94,48,43,3,3,62
PLA,     2 AND 3 LN EXP,URBAN,0,0,0,0,0,0,0,0
PLA,     4+ DIV EXP,URBAN,3.9,46,113,59,53,1,1,87
PLA,     NON FWY,URBAN,21.8,132.5,207,107,96,4,4,149
PLA,     FREEWAY,URBAN,27.6,983.6,607,403,200,4,5,296
PLA,     TOTAL,URBAN,49.4,"1,116.10",814,510,296,8,9,445
PLA,      2 AND 3 LN,COUNTYWIDE,57.2,188.9,165,100,60,5,6,74
PLA,      4+ UND,COUNTYWIDE,4.7,30,10,5,5,0,0,10
PLA,      4+ DIV,COUNTYWIDE,5.1,47.6,43,22,21,0,0,30
PLA,     SUBTOTAL,COUNTYWIDE,67,266.5,218,127,86,5,6,114
PLA,     2 AND 3 LN EXP,COUNTYWIDE,4.4,33.5,3,3,0,0,0,0
PLA,     4+ DIV EXP,COUNTYWIDE,5.4,56.9,124,65,58,1,1,95
PLA,     NON FWY,COUNTYWIDE,76.7,356.8,345,195,144,6,7,209
PLA,     FREEWAY,COUNTYWIDE,76.5,"1,555.90",908,587,314,7,8,451
PLA,     TOTAL,COUNTYWIDE,153.3,"1,912.70","1,253",782,458,13,15,660
PLU,      2 AND 3 LN,RURAL ,140.6,107.7,93,55,37,1,1,47
PLU,      4+ UND,RURAL ,2.8,3.7,3,0,3,0,0,3
PLU,      4+ DIV,RURAL ,4.1,10.7,15,10,5,0,0,6
PLU,     SUBTOTAL,RURAL ,147.6,122.1,111,65,45,1,1,56
PLU,     2 AND 3 LN EXP,RURAL ,32.7,31.4,30,18,9,3,3,13
PLU,     4+ DIV EXP,RURAL ,1.5,1.2,0,0,0,0,0,0
PLU,     NON FWY,RURAL ,181.7,154.7,141,83,54,4,4,69
PLU,     FREEWAY,RURAL ,0,0,0,0,0,0,0,0
PLU,     TOTAL,RURAL ,181.7,154.7,141,83,54,4,4,69
PLU,      2 AND 3 LN,URBAN,0,0,0,0,0,0,0,0
PLU,      4+ UND,URBAN,0,0,0,0,0,0,0,0
PLU,      4+ DIV,URBAN,0,0,0,0,0,0,0,0
PLU,     SUBTOTAL,URBAN,0,0,0,0,0,0,0,0
PLU,     2 AND 3 LN EXP,URBAN,0,0,0,0,0,0,0,0
PLU,     4+ DIV EXP,URBAN,0,0,0,0,0,0,0,0
PLU,     NON FWY,URBAN,0,0,0,0,0,0,0,0
PLU,     FREEWAY,URBAN,0,0,0,0,0,0,0,0
PLU,     TOTAL,URBAN,0,0,0,0,0,0,0,0
PLU,      2 AND 3 LN,COUNTYWIDE,140.6,107.7,93,55,37,1,1,47
PLU,      4+ UND,COUNTYWIDE,2.8,3.7,3,0,3,0,0,3
PLU,      4+ DIV,COUNTYWIDE,4.1,10.7,15,10,5,0,0,6
PLU,     SUBTOTAL,COUNTYWIDE,147.6,122.1,111,65,45,1,1,56
PLU,     2 AND 3 LN EXP,COUNTYWIDE,32.7,31.4,30,18,9,3,3,13
PLU,     4+ DIV EXP,COUNTYWIDE,1.5,1.2,0,0,0,0,0,0
PLU,     NON FWY,COUNTYWIDE,181.7,154.7,141,83,54,4,4,69
PLU,     FREEWAY,COUNTYWIDE,0,0,0,0,0,0,0,0
PLU,     TOTAL,COUNTYWIDE,181.7,154.7,141,83,54,4,4,69
RIV,      2 AND 3 LN,RURAL ,229.7,446.4,351,154,184,13,13,264
RIV,      4+ UND,RURAL ,1.6,26.6,14,6,6,2,2,12
RIV,      4+ DIV,RURAL ,10.5,107.1,100,48,52,0,0,74
RIV,     SUBTOTAL,RURAL ,241.8,580.2,465,208,242,15,15,350
RIV,     2 AND 3 LN EXP,RURAL ,0,0,0,0,0,0,0,0
RIV,     4+ DIV EXP,RURAL ,27.2,196.7,99,46,51,2,2,72
RIV,     NON FWY,RURAL ,269,776.9,564,254,293,17,17,422
RIV,     FREEWAY,RURAL ,130.5,"2,441.00","1,093",777,295,21,23,434
RIV,     TOTAL,RURAL ,399.5,"3,217.90","1,657","1,031",588,38,40,856
RIV,      2 AND 3 LN,URBAN,14.8,66.3,38,21,17,0,0,23
RIV,      4+ UND,URBAN,8.1,80.4,51,24,26,1,1,40
RIV,      4+ DIV,URBAN,25.8,203.8,307,99,199,9,9,312
RIV,     SUBTOTAL,URBAN,48.7,350.4,396,144,242,10,10,375
RIV,     2 AND 3 LN EXP,URBAN,0.9,28,18,14,4,0,0,6
RIV,     4+ DIV EXP,URBAN,15.4,231.8,90,62,27,1,1,32
RIV,     NON FWY,URBAN,64.9,610.3,504,220,273,11,11,413
RIV,     FREEWAY,URBAN,165,"8,554.60","6,854","4,682","2,106",66,69,"3,067"
RIV,     TOTAL,URBAN,229.9,"9,164.80","7,358","4,902","2,379",77,80,"3,480"
RIV,      2 AND 3 LN,COUNTYWIDE,244.5,512.7,389,175,201,13,13,287
RIV,      4+ UND,COUNTYWIDE,9.7,107.1,65,30,32,3,3,52
RIV,      4+ DIV,COUNTYWIDE,36.3,310.9,407,147,251,9,9,386
RIV,     SUBTOTAL,COUNTYWIDE,290.5,930.6,861,352,484,25,25,725
RIV,     2 AND 3 LN EXP,COUNTYWIDE,0.9,28,18,14,4,0,0,6
RIV,     4+ DIV EXP,COUNTYWIDE,42.6,428.5,189,108,78,3,3,104
RIV,     NON FWY,COUNTYWIDE,333.9,"1,387.20","1,068",474,566,28,28,835
RIV,     FREEWAY,COUNTYWIDE,295.5,"10,995.50","7,947","5,459","2,401",87,92,"3,501"
RIV,     TOTAL,COUNTYWIDE,629.4,"12,382.70","9,015","5,933","2,967",115,120,"4,336"
SAC,      2 AND 3 LN,RURAL ,84.4,222.9,156,72,74,10,10,141
SAC,      4+ UND,RURAL ,0.4,2.6,6,4,2,0,0,4
SAC,      4+ DIV,RURAL ,0.3,3.2,16,8,7,1,1,16
SAC,     SUBTOTAL,RURAL ,85.2,228.7,178,84,83,11,11,161
SAC,     2 AND 3 LN EXP,RURAL ,0,0,0,0,0,0,0,0
SAC,     4+ DIV EXP,RURAL ,1.4,23.2,2,1,1,0,0,1
SAC,     NON FWY,RURAL ,86.5,251.9,180,85,84,11,11,162
SAC,     FREEWAY,RURAL ,26.7,598,274,179,91,4,5,124
SAC,     TOTAL,RURAL ,113.3,849.9,454,264,175,15,16,286
SAC,      2 AND 3 LN,URBAN,4.8,20,26,10,16,0,0,21
SAC,      4+ UND,URBAN,0,0,0,0,0,0,0,0
SAC,      4+ DIV,URBAN,0.4,1.7,1,1,0,0,0,0
SAC,     SUBTOTAL,URBAN,5.1,21.7,27,11,16,0,0,21
SAC,     2 AND 3 LN EXP,URBAN,0,0,0,0,0,0,0,0
SAC,     4+ DIV EXP,URBAN,0,0,0,0,0,0,0,0
SAC,     NON FWY,URBAN,5.1,21.7,27,11,16,0,0,21
SAC,     FREEWAY,URBAN,92.3,"4,533.60","4,017","2,697","1,281",39,44,"1,800"
SAC,     TOTAL,URBAN,97.5,"4,555.30","4,044","2,708","1,297",39,44,"1,821"
SAC,      2 AND 3 LN,COUNTYWIDE,89.2,242.9,182,82,90,10,10,162
SAC,      4+ UND,COUNTYWIDE,0.4,2.6,6,4,2,0,0,4
SAC,      4+ DIV,COUNTYWIDE,0.7,4.9,17,9,7,1,1,16
SAC,     SUBTOTAL,COUNTYWIDE,90.3,250.5,205,95,99,11,11,182
SAC,     2 AND 3 LN EXP,COUNTYWIDE,0,0,0,0,0,0,0,0
SAC,     4+ DIV EXP,COUNTYWIDE,1.4,23.2,2,1,1,0,0,1
SAC,     NON FWY,COUNTYWIDE,91.7,273.7,207,96,100,11,11,183
SAC,     FREEWAY,COUNTYWIDE,119.1,"5,131.60","4,291","2,876","1,372",43,49,"1,924"
SAC,     TOTAL,COUNTYWIDE,210.8,"5,405.30","4,498","2,972","1,472",54,60,"2,107"
SB,      2 AND 3 LN,RURAL ,59.1,120.4,113,79,33,1,1,59
SB,      4+ UND,RURAL ,2.6,6.9,8,8,0,0,0,0
SB,      4+ DIV,RURAL ,4.8,29.3,28,15,10,3,3,15
SB,     SUBTOTAL,RURAL ,66.5,156.5,149,102,43,4,4,74
SB,     2 AND 3 LN EXP,RURAL ,47.1,142.5,94,59,33,2,3,59
SB,     4+ DIV EXP,RURAL ,51.6,449.7,246,157,84,5,5,116
SB,     NON FWY,RURAL ,165.1,748.8,489,318,160,11,12,249
SB,     FREEWAY,RURAL ,10.6,105,39,24,15,0,0,19
SB,     TOTAL,RURAL ,175.7,853.8,528,342,175,11,12,268
SB,      2 AND 3 LN,URBAN,41.4,117.3,128,70,56,2,2,90
SB,      4+ UND,URBAN,6.7,37.1,47,23,23,1,1,37
SB,      4+ DIV,URBAN,17.7,126.6,209,90,117,2,2,153
SB,     SUBTOTAL,URBAN,65.7,281.1,384,183,196,5,5,280
SB,     2 AND 3 LN EXP,URBAN,8.5,27.1,26,19,7,0,0,12
SB,     4+ DIV EXP,URBAN,4.1,38.1,37,25,12,0,0,17
SB,     NON FWY,URBAN,78.3,346.3,447,227,215,5,5,309
SB,     FREEWAY,URBAN,40,"1,063.20",835,548,277,10,10,416
SB,     TOTAL,URBAN,118.3,"1,409.50","1,282",775,492,15,15,725
SB,      2 AND 3 LN,COUNTYWIDE,100.4,237.7,241,149,89,3,3,149
SB,      4+ UND,COUNTYWIDE,9.3,44,55,31,23,1,1,37
SB,      4+ DIV,COUNTYWIDE,22.5,155.9,237,105,127,5,5,168
SB,     SUBTOTAL,COUNTYWIDE,132.2,437.6,533,285,239,9,9,354
SB,     2 AND 3 LN EXP,COUNTYWIDE,55.6,169.6,120,78,40,2,3,71
SB,     4+ DIV EXP,COUNTYWIDE,55.7,487.8,283,182,96,5,5,133
SB,     NON FWY,COUNTYWIDE,243.5,"1,095.10",936,545,375,16,17,558
SB,     FREEWAY,COUNTYWIDE,50.6,"1,168.20",874,572,292,10,10,435
SB,     TOTAL,COUNTYWIDE,294,"2,263.20","1,810","1,117",667,26,27,993
SBD,      2 AND 3 LN,RURAL ,427.3,639.8,420,210,197,13,15,300
SBD,      4+ UND,RURAL ,1.3,5,21,14,7,0,0,10
SBD,      4+ DIV,RURAL ,41.7,291.9,174,107,58,9,11,102
SBD,     SUBTOTAL,RURAL ,470.2,936.7,615,331,262,22,26,412
SBD,     2 AND 3 LN EXP,RURAL ,43,137.3,72,31,39,2,2,49
SBD,     4+ DIV EXP,RURAL ,28,166.8,69,38,30,1,2,42
SBD,     NON FWY,RURAL ,541.2,"1,240.80",756,400,331,25,30,503
SBD,     FREEWAY,RURAL ,283,"3,892.30","2,079","1,502",539,38,45,881
SBD,     TOTAL,RURAL ,824.2,"5,133.10","2,835","1,902",870,63,75,"1,384"
SBD,      2 AND 3 LN,URBAN,119.5,354,363,196,152,15,16,234
SBD,      4+ UND,URBAN,6.4,46.1,39,22,16,1,1,26
SBD,      4+ DIV,URBAN,53.4,482.6,389,210,168,11,11,267
SBD,     SUBTOTAL,URBAN,179.3,882.7,791,428,336,27,28,527
SBD,     2 AND 3 LN EXP,URBAN,10.5,32.2,40,18,21,1,1,38
SBD,     4+ DIV EXP,URBAN,6.9,50.6,33,15,17,1,1,22
SBD,     NON FWY,URBAN,196.7,965.5,864,461,374,29,30,587
SBD,     FREEWAY,URBAN,172.9,"8,250.60","7,157","4,875","2,211",71,80,"3,318"
SBD,     TOTAL,URBAN,369.6,"9,216.10","8,021","5,336","2,585",100,110,"3,905"
SBD,      2 AND 3 LN,COUNTYWIDE,546.7,993.8,783,406,349,28,31,534
SBD,      4+ UND,COUNTYWIDE,7.6,51.1,60,36,23,1,1,36
SBD,      4+ DIV,COUNTYWIDE,95.1,774.5,563,317,226,20,22,369
SBD,     SUBTOTAL,COUNTYWIDE,649.4,"1,819.40","1,406",759,598,49,54,939
SBD,     2 AND 3 LN EXP,COUNTYWIDE,53.5,169.5,112,49,60,3,3,87
SBD,     4+ DIV EXP,COUNTYWIDE,35,217.4,102,53,47,2,3,64
SBD,     NON FWY,COUNTYWIDE,737.9,"2,206.30","1,620",861,705,54,60,"1,090"
SBD,     FREEWAY,COUNTYWIDE,455.9,"12,142.90","9,236","6,377","2,750",109,125,"4,199"
SBD,     TOTAL,COUNTYWIDE,"1,193.80","14,349.10","10,856","7,238","3,455",163,185,"5,289"
SBT,      2 AND 3 LN,RURAL ,54.9,66.5,58,31,25,2,3,32
SBT,      4+ UND,RURAL ,0,0.1,0,0,0,0,0,0
SBT,      4+ DIV,RURAL ,0,0,0,0,0,0,0,0
SBT,     SUBTOTAL,RURAL ,54.9,66.6,58,31,25,2,3,32
SBT,     2 AND 3 LN EXP,RURAL ,6.6,42.2,24,13,9,2,5,12
SBT,     4+ DIV EXP,RURAL ,5.6,68.7,72,45,24,3,3,45
SBT,     NON FWY,RURAL ,67.2,177.5,154,89,58,7,11,89
SBT,     FREEWAY,RURAL ,4.9,88.4,61,49,12,0,0,15
SBT,     TOTAL,RURAL ,72.1,265.9,215,138,70,7,11,104
SBT,      2 AND 3 LN,URBAN,8.6,75.5,76,41,33,2,2,54
SBT,      4+ UND,URBAN,0,0,0,0,0,0,0,0
SBT,      4+ DIV,URBAN,2.6,11.5,32,13,18,1,1,23
SBT,     SUBTOTAL,URBAN,11.2,87,108,54,51,3,3,77
SBT,     2 AND 3 LN EXP,URBAN,6.8,34.1,20,8,10,2,2,20
SBT,     4+ DIV EXP,URBAN,0,0,0,0,0,0,0,0
SBT,     NON FWY,URBAN,18,121.1,128,62,61,5,5,97
SBT,     FREEWAY,URBAN,0,0,0,0,0,0,0,0
SBT,     TOTAL,URBAN,18,121.1,128,62,61,5,5,97
SBT,      2 AND 3 LN,COUNTYWIDE,63.5,142.1,134,72,58,4,5,86
SBT,      4+ UND,COUNTYWIDE,0,0.1,0,0,0,0,0,0
SBT,      4+ DIV,COUNTYWIDE,2.6,11.5,32,13,18,1,1,23
SBT,     SUBTOTAL,COUNTYWIDE,66.1,153.6,166,85,76,5,6,109
SBT,     2 AND 3 LN EXP,COUNTYWIDE,13.5,76.3,44,21,19,4,7,32
SBT,     4+ DIV EXP,COUNTYWIDE,5.6,68.7,72,45,24,3,3,45
SBT,     NON FWY,COUNTYWIDE,85.2,298.6,282,151,119,12,16,186
SBT,     FREEWAY,COUNTYWIDE,4.9,88.4,61,49,12,0,0,15
SBT,     TOTAL,COUNTYWIDE,90.1,387.1,343,200,131,12,16,201
SCL,      2 AND 3 LN,RURAL ,53,170,203,85,114,4,4,156
SCL,      4+ UND,RURAL ,0,0.1,0,0,0,0,0,0
SCL,      4+ DIV,RURAL ,0.8,16,52,33,18,1,1,22
SCL,     SUBTOTAL,RURAL ,53.8,186,255,118,132,5,5,178
SCL,     2 AND 3 LN EXP,RURAL ,0.7,5.7,2,2,0,0,0,0
SCL,     4+ DIV EXP,RURAL ,17.2,293.3,213,143,68,2,2,98
SCL,     NON FWY,RURAL ,71.8,485,470,263,200,7,7,276
SCL,     FREEWAY,RURAL ,1.8,61.5,21,12,9,0,0,10
SCL,     TOTAL,RURAL ,73.6,546.5,491,275,209,7,7,286
SCL,      2 AND 3 LN,URBAN,11.1,45.4,51,26,25,0,0,33
SCL,      4+ UND,URBAN,1,9.7,17,9,8,0,0,8
SCL,      4+ DIV,URBAN,23.9,330.6,397,231,164,2,2,219
SCL,     SUBTOTAL,URBAN,36.1,385.7,465,266,197,2,2,260
SCL,     2 AND 3 LN EXP,URBAN,0,0,0,0,0,0,0,0
SCL,     4+ DIV EXP,URBAN,3.8,72.6,54,36,17,1,1,24
SCL,     NON FWY,URBAN,39.8,458.3,519,302,214,3,3,284
SCL,     FREEWAY,URBAN,138.9,"6,802.50","6,265","4,210","2,016",39,42,"2,737"
SCL,     TOTAL,URBAN,178.8,"7,260.80","6,784","4,512","2,230",42,45,"3,021"
SCL,      2 AND 3 LN,COUNTYWIDE,64.1,215.4,254,111,139,4,4,189
SCL,      4+ UND,COUNTYWIDE,1,9.8,17,9,8,0,0,8
SCL,      4+ DIV,COUNTYWIDE,24.7,346.5,449,264,182,3,3,241
SCL,     SUBTOTAL,COUNTYWIDE,89.9,571.7,720,384,329,7,7,438
SCL,     2 AND 3 LN EXP,COUNTYWIDE,0.7,5.7,2,2,0,0,0,0
SCL,     4+ DIV EXP,COUNTYWIDE,20.9,365.8,267,179,85,3,3,122
SCL,     NON FWY,COUNTYWIDE,111.6,943.3,989,565,414,10,10,560
SCL,     FREEWAY,COUNTYWIDE,140.7,"6,864.00","6,286","4,222","2,025",39,42,"2,747"
SCL,     TOTAL,COUNTYWIDE,252.3,"7,807.30","7,275","4,787","2,439",49,52,"3,307"
SCR,      2 AND 3 LN,RURAL ,39.7,59.1,73,41,30,2,3,51
SCR,      4+ UND,RURAL ,1.2,5.7,2,2,0,0,0,0
SCR,      4+ DIV,RURAL ,5.1,100.4,98,69,29,0,0,36
SCR,     SUBTOTAL,RURAL ,45.9,165.2,173,112,59,2,3,87
SCR,     2 AND 3 LN EXP,RURAL ,5.1,22.9,15,5,10,0,0,13
SCR,     4+ DIV EXP,RURAL ,0.5,2.4,1,1,0,0,0,0
SCR,     NON FWY,RURAL ,51.5,190.5,189,118,69,2,3,100
SCR,     FREEWAY,RURAL ,2.1,44.4,19,9,10,0,0,12
SCR,     TOTAL,RURAL ,53.5,234.9,208,127,79,2,3,112
SCR,      2 AND 3 LN,URBAN,39.2,126.1,271,161,109,1,1,153
SCR,      4+ UND,URBAN,0.9,10.9,21,10,11,0,0,14
SCR,      4+ DIV,URBAN,5.6,68.3,82,49,31,2,2,35
SCR,     SUBTOTAL,URBAN,45.7,205.3,374,220,151,3,3,202
SCR,     2 AND 3 LN EXP,URBAN,2.3,12.5,11,3,8,0,0,9
SCR,     4+ DIV EXP,URBAN,0.6,17.2,9,7,2,0,0,3
SCR,     NON FWY,URBAN,48.6,235,394,230,161,3,3,214
SCR,     FREEWAY,URBAN,21.1,541.1,457,281,172,4,4,235
SCR,     TOTAL,URBAN,69.7,776.1,851,511,333,7,7,449
SCR,      2 AND 3 LN,COUNTYWIDE,78.9,185.3,344,202,139,3,4,204
SCR,      4+ UND,COUNTYWIDE,2.1,16.6,23,12,11,0,0,14
SCR,      4+ DIV,COUNTYWIDE,10.6,168.6,180,118,60,2,2,71
SCR,     SUBTOTAL,COUNTYWIDE,91.6,370.5,547,332,210,5,6,289
SCR,     2 AND 3 LN EXP,COUNTYWIDE,7.3,35.4,26,8,18,0,0,22
SCR,     4+ DIV EXP,COUNTYWIDE,1.1,19.6,10,8,2,0,0,3
SCR,     NON FWY,COUNTYWIDE,100,425.5,583,348,230,5,6,314
SCR,     FREEWAY,COUNTYWIDE,23.2,585.5,476,290,182,4,4,247
SCR,     TOTAL,COUNTYWIDE,123.2,"1,011.00","1,059",638,412,9,10,561
SD,      2 AND 3 LN,RURAL ,207.8,338.8,431,159,260,12,13,374
SD,      4+ UND,RURAL ,1.4,9.5,8,2,6,0,0,8
SD,      4+ DIV,RURAL ,3,33.5,17,7,10,0,0,12
SD,     SUBTOTAL,RURAL ,212.1,381.8,456,168,276,12,13,394
SD,     2 AND 3 LN EXP,RURAL ,1.1,6.6,11,4,7,0,0,14
SD,     4+ DIV EXP,RURAL ,1.8,14.5,18,9,9,0,0,12
SD,     NON FWY,RURAL ,215,402.9,485,181,292,12,13,420
SD,     FREEWAY,RURAL ,73.1,"1,197.20",402,198,199,5,6,295
SD,     TOTAL,RURAL ,288.1,"1,600.20",887,379,491,17,19,715
SD,      2 AND 3 LN,URBAN,20.3,115.5,128,55,70,3,3,109
SD,      4+ UND,URBAN,2.1,13.8,26,14,11,1,1,18
SD,      4+ DIV,URBAN,20.4,249,249,122,125,2,2,182
SD,     SUBTOTAL,URBAN,42.8,378.4,403,191,206,6,6,309
SD,     2 AND 3 LN EXP,URBAN,0,0.2,1,1,0,0,0,0
SD,     4+ DIV EXP,URBAN,17.7,268.9,206,77,125,4,5,214
SD,     NON FWY,URBAN,60.6,647.5,610,269,331,10,11,523
SD,     FREEWAY,URBAN,266.6,"13,906.30","7,667","4,410","3,174",83,84,"4,401"
SD,     TOTAL,URBAN,327.2,"14,553.70","8,277","4,679","3,505",93,95,"4,924"
SD,      2 AND 3 LN,COUNTYWIDE,228.1,454.3,559,214,330,15,16,483
SD,      4+ UND,COUNTYWIDE,3.5,23.4,34,16,17,1,1,26
SD,      4+ DIV,COUNTYWIDE,23.3,282.5,266,129,135,2,2,194
SD,     SUBTOTAL,COUNTYWIDE,255,760.2,859,359,482,18,19,703
SD,     2 AND 3 LN EXP,COUNTYWIDE,1.1,6.8,12,5,7,0,0,14
SD,     4+ DIV EXP,COUNTYWIDE,19.5,283.4,224,86,134,4,5,226
SD,     NON FWY,COUNTYWIDE,275.6,"1,050.40","1,095",450,623,22,24,943
SD,     FREEWAY,COUNTYWIDE,339.7,"15,103.50","8,069","4,608","3,373",88,90,"4,696"
SD,     TOTAL,COUNTYWIDE,615.3,"16,153.90","9,164","5,058","3,996",110,114,"5,639"
SF,      2 AND 3 LN,RURAL ,0,0,0,0,0,0,0,0
SF,      4+ UND,RURAL ,0,0,0,0,0,0,0,0
SF,      4+ DIV,RURAL ,0,0,0,0,0,0,0,0
SF,     SUBTOTAL,RURAL ,0,0,0,0,0,0,0,0
SF,     2 AND 3 LN EXP,RURAL ,0,0,0,0,0,0,0,0
SF,     4+ DIV EXP,RURAL ,0,0,0,0,0,0,0,0
SF,     NON FWY,RURAL ,0,0,0,0,0,0,0,0
SF,     FREEWAY,RURAL ,0,0,0,0,0,0,0,0
SF,     TOTAL,RURAL ,0,0,0,0,0,0,0,0
SF,      2 AND 3 LN,URBAN,0,0,0,0,0,0,0,0
SF,      4+ UND,URBAN,0.4,3,0,0,0,0,0,0
SF,      4+ DIV,URBAN,13.8,275.5,65,29,34,2,2,55
SF,     SUBTOTAL,URBAN,14.2,278.6,65,29,34,2,2,55
SF,     2 AND 3 LN EXP,URBAN,0,0,0,0,0,0,0,0
SF,     4+ DIV EXP,URBAN,0.5,5.1,2,0,2,0,0,3
SF,     NON FWY,URBAN,14.7,283.6,67,29,36,2,2,58
SF,     FREEWAY,URBAN,18.8,962.8,"1,645","1,087",554,4,4,826
SF,     TOTAL,URBAN,33.5,"1,246.40","1,712","1,116",590,6,6,884
SF,      2 AND 3 LN,COUNTYWIDE,0,0,0,0,0,0,0,0
SF,      4+ UND,COUNTYWIDE,0.4,3,0,0,0,0,0,0
SF,      4+ DIV,COUNTYWIDE,13.8,275.5,65,29,34,2,2,55
SF,     SUBTOTAL,COUNTYWIDE,14.2,278.6,65,29,34,2,2,55
SF,     2 AND 3 LN EXP,COUNTYWIDE,0,0,0,0,0,0,0,0
SF,     4+ DIV EXP,COUNTYWIDE,0.5,5.1,2,0,2,0,0,3
SF,     NON FWY,COUNTYWIDE,14.7,283.6,67,29,36,2,2,58
SF,     FREEWAY,COUNTYWIDE,18.8,962.8,"1,645","1,087",554,4,4,826
SF,     TOTAL,COUNTYWIDE,33.5,"1,246.40","1,712","1,116",590,6,6,884
SHA,      2 AND 3 LN,RURAL ,180.1,184.1,142,78,60,4,4,85
SHA,      4+ UND,RURAL ,0.4,0.6,2,0,2,0,0,3
SHA,      4+ DIV,RURAL ,1.4,2.4,3,2,1,0,0,1
SHA,     SUBTOTAL,RURAL ,181.9,187.1,147,80,63,4,4,89
SHA,     2 AND 3 LN EXP,RURAL ,27.7,59.7,42,25,14,3,3,25
SHA,     4+ DIV EXP,RURAL ,4,27,5,1,4,0,0,7
SHA,     NON FWY,RURAL ,213.6,273.8,194,106,81,7,7,121
SHA,     FREEWAY,RURAL ,38.8,298.1,112,81,28,3,3,36
SHA,     TOTAL,RURAL ,252.4,572,306,187,109,10,10,157
SHA,      2 AND 3 LN,URBAN,6.7,5.9,4,2,2,0,0,2
SHA,      4+ UND,URBAN,0.7,4.7,1,0,1,0,0,2
SHA,      4+ DIV,URBAN,21.4,120,116,59,52,5,5,69
SHA,     SUBTOTAL,URBAN,28.8,130.6,121,61,55,5,5,73
SHA,     2 AND 3 LN EXP,URBAN,0.2,1,2,1,1,0,0,2
SHA,     4+ DIV EXP,URBAN,0,0,0,0,0,0,0,0
SHA,     NON FWY,URBAN,28.9,131.6,123,62,56,5,5,75
SHA,     FREEWAY,URBAN,29.2,441.1,172,122,47,3,4,66
SHA,     TOTAL,URBAN,58.1,572.6,295,184,103,8,9,141
SHA,      2 AND 3 LN,COUNTYWIDE,186.8,190,146,80,62,4,4,87
SHA,      4+ UND,COUNTYWIDE,1.1,5.3,3,0,3,0,0,5
SHA,      4+ DIV,COUNTYWIDE,22.8,122.4,119,61,53,5,5,70
SHA,     SUBTOTAL,COUNTYWIDE,210.7,317.7,268,141,118,9,9,162
SHA,     2 AND 3 LN EXP,COUNTYWIDE,27.9,60.7,44,26,15,3,3,27
SHA,     4+ DIV EXP,COUNTYWIDE,4,27,5,1,4,0,0,7
SHA,     NON FWY,COUNTYWIDE,242.5,405.4,317,168,137,12,12,196
SHA,     FREEWAY,COUNTYWIDE,68,739.2,284,203,75,6,7,102
SHA,     TOTAL,COUNTYWIDE,310.5,"1,144.60",601,371,212,18,19,298
SIE,      2 AND 3 LN,RURAL ,89.3,30.4,41,18,22,1,1,29
SIE,      4+ UND,RURAL ,0,0,0,0,0,0,0,0
SIE,      4+ DIV,RURAL ,1.1,3.4,2,1,1,0,0,2
SIE,     SUBTOTAL,RURAL ,90.4,33.8,43,19,23,1,1,31
SIE,     2 AND 3 LN EXP,RURAL ,3.6,0.7,0,0,0,0,0,0
SIE,     4+ DIV EXP,RURAL ,2,6.7,6,3,2,1,1,2
SIE,     NON FWY,RURAL ,96,41.2,49,22,25,2,2,33
SIE,     FREEWAY,RURAL ,1.6,20.6,16,12,4,0,0,7
SIE,     TOTAL,RURAL ,97.6,61.8,65,34,29,2,2,40
SIE,      2 AND 3 LN,URBAN,0,0,0,0,0,0,0,0
SIE,      4+ UND,URBAN,0,0,0,0,0,0,0,0
SIE,      4+ DIV,URBAN,0,0,0,0,0,0,0,0
SIE,     SUBTOTAL,URBAN,0,0,0,0,0,0,0,0
SIE,     2 AND 3 LN EXP,URBAN,0,0,0,0,0,0,0,0
SIE,     4+ DIV EXP,URBAN,0,0,0,0,0,0,0,0
SIE,     NON FWY,URBAN,0,0,0,0,0,0,0,0
SIE,     FREEWAY,URBAN,0,0,0,0,0,0,0,0
SIE,     TOTAL,URBAN,0,0,0,0,0,0,0,0
SIE,      2 AND 3 LN,COUNTYWIDE,89.3,30.4,41,18,22,1,1,29
SIE,      4+ UND,COUNTYWIDE,0,0,0,0,0,0,0,0
SIE,      4+ DIV,COUNTYWIDE,1.1,3.4,2,1,1,0,0,2
SIE,     SUBTOTAL,COUNTYWIDE,90.4,33.8,43,19,23,1,1,31
SIE,     2 AND 3 LN EXP,COUNTYWIDE,3.6,0.7,0,0,0,0,0,0
SIE,     4+ DIV EXP,COUNTYWIDE,2,6.7,6,3,2,1,1,2
SIE,     NON FWY,COUNTYWIDE,96,41.2,49,22,25,2,2,33
SIE,     FREEWAY,COUNTYWIDE,1.6,20.6,16,12,4,0,0,7
SIE,     TOTAL,COUNTYWIDE,97.6,61.8,65,34,29,2,2,40
SIS,      2 AND 3 LN,RURAL ,249.5,158.8,97,54,42,1,1,56
SIS,      4+ UND,RURAL ,1.7,3.3,4,2,2,0,0,2
SIS,      4+ DIV,RURAL ,0.2,0.6,1,1,0,0,0,0
SIS,     SUBTOTAL,RURAL ,251.3,162.6,102,57,44,1,1,58
SIS,     2 AND 3 LN EXP,RURAL ,14.7,19.6,12,5,7,0,0,8
SIS,     4+ DIV EXP,RURAL ,0,0,0,0,0,0,0,0
SIS,     NON FWY,RURAL ,266,182.2,114,62,51,1,1,66
SIS,     FREEWAY,RURAL ,56.1,343.9,150,101,42,7,7,67
SIS,     TOTAL,RURAL ,322.1,526.1,264,163,93,8,8,133
SIS,      2 AND 3 LN,URBAN,13.1,26.1,11,4,5,2,2,8
SIS,      4+ UND,URBAN,0.3,0.5,0,0,0,0,0,0
SIS,      4+ DIV,URBAN,0.7,1.9,2,2,0,0,0,0
SIS,     SUBTOTAL,URBAN,14.1,28.5,13,6,5,2,2,8
SIS,     2 AND 3 LN EXP,URBAN,0.5,0.6,2,1,1,0,0,4
SIS,     4+ DIV EXP,URBAN,0,0,0,0,0,0,0,0
SIS,     NON FWY,URBAN,14.6,29.2,15,7,6,2,2,12
SIS,     FREEWAY,URBAN,12.8,81.8,56,43,10,3,3,15
SIS,     TOTAL,URBAN,27.3,111,71,50,16,5,5,27
SIS,      2 AND 3 LN,COUNTYWIDE,262.6,184.9,108,58,47,3,3,64
SIS,      4+ UND,COUNTYWIDE,1.9,3.8,4,2,2,0,0,2
SIS,      4+ DIV,COUNTYWIDE,0.9,2.5,3,3,0,0,0,0
SIS,     SUBTOTAL,COUNTYWIDE,265.4,191.2,115,63,49,3,3,66
SIS,     2 AND 3 LN EXP,COUNTYWIDE,15.2,20.2,14,6,8,0,0,12
SIS,     4+ DIV EXP,COUNTYWIDE,0,0,0,0,0,0,0,0
SIS,     NON FWY,COUNTYWIDE,280.6,211.4,129,69,57,3,3,78
SIS,     FREEWAY,COUNTYWIDE,68.8,425.8,206,144,52,10,10,82
SIS,     TOTAL,COUNTYWIDE,349.4,637.2,335,213,109,13,13,160
SJ,      2 AND 3 LN,RURAL ,101.5,382.7,295,138,140,17,20,243
SJ,      4+ UND,RURAL ,0.2,1.6,0,0,0,0,0,0
SJ,      4+ DIV,RURAL ,1.5,9,20,13,7,0,0,9
SJ,     SUBTOTAL,RURAL ,103.2,393.3,315,151,147,17,20,252
SJ,     2 AND 3 LN EXP,RURAL ,7.3,31.2,21,4,16,1,1,26
SJ,     4+ DIV EXP,RURAL ,1.3,7.9,1,1,0,0,0,0
SJ,     NON FWY,RURAL ,111.8,432.4,337,156,163,18,21,278
SJ,     FREEWAY,RURAL ,63.1,"1,369.70",805,479,316,10,10,444
SJ,     TOTAL,RURAL ,174.8,"1,802.20","1,142",635,479,28,31,722
SJ,      2 AND 3 LN,URBAN,14.7,65.9,68,38,28,2,2,52
SJ,      4+ UND,URBAN,0,0,0,0,0,0,0,0
SJ,      4+ DIV,URBAN,5.8,56.2,83,48,34,1,1,49
SJ,     SUBTOTAL,URBAN,20.5,122.2,151,86,62,3,3,101
SJ,     2 AND 3 LN EXP,URBAN,0,0,0,0,0,0,0,0
SJ,     4+ DIV EXP,URBAN,0,0,0,0,0,0,0,0
SJ,     NON FWY,URBAN,20.5,122.2,151,86,62,3,3,101
SJ,     FREEWAY,URBAN,65.8,"2,346.00","2,027","1,230",773,24,24,"1,227"
SJ,     TOTAL,URBAN,86.3,"2,468.20","2,178","1,316",835,27,27,"1,328"
SJ,      2 AND 3 LN,COUNTYWIDE,116.2,448.6,363,176,168,19,22,295
SJ,      4+ UND,COUNTYWIDE,0.2,1.6,0,0,0,0,0,0
SJ,      4+ DIV,COUNTYWIDE,7.3,65.3,103,61,41,1,1,58
SJ,     SUBTOTAL,COUNTYWIDE,123.7,515.5,466,237,209,20,23,353
SJ,     2 AND 3 LN EXP,COUNTYWIDE,7.3,31.2,21,4,16,1,1,26
SJ,     4+ DIV EXP,COUNTYWIDE,1.3,7.9,1,1,0,0,0,0
SJ,     NON FWY,COUNTYWIDE,132.2,554.6,488,242,225,21,24,379
SJ,     FREEWAY,COUNTYWIDE,128.9,"3,715.80","2,832","1,709","1,089",34,34,"1,671"
SJ,     TOTAL,COUNTYWIDE,261.1,"4,270.40","3,320","1,951","1,314",55,58,"2,050"
SLO,      2 AND 3 LN,RURAL ,173.4,197.3,166,101,61,4,5,92
SLO,      4+ UND,RURAL ,5.6,39.4,9,5,4,0,0,14
SLO,      4+ DIV,RURAL ,5.2,69.9,39,22,15,2,2,23
SLO,     SUBTOTAL,RURAL ,184.2,306.6,214,128,80,6,7,129
SLO,     2 AND 3 LN EXP,RURAL ,37.1,91.4,53,36,17,0,0,30
SLO,     4+ DIV EXP,RURAL ,23.7,232,81,51,27,3,3,48
SLO,     NON FWY,RURAL ,245,630,348,215,124,9,10,207
SLO,     FREEWAY,RURAL ,15.3,231.6,89,71,18,0,0,24
SLO,     TOTAL,RURAL ,260.2,861.7,437,286,142,9,10,231
SLO,      2 AND 3 LN,URBAN,27,69.3,105,61,42,2,2,60
SLO,      4+ UND,URBAN,0,0.1,0,0,0,0,0,0
SLO,      4+ DIV,URBAN,4.4,36.9,25,20,5,0,0,6
SLO,     SUBTOTAL,URBAN,31.4,106.3,130,81,47,2,2,66
SLO,     2 AND 3 LN EXP,URBAN,6.1,15.6,9,8,1,0,0,1
SLO,     4+ DIV EXP,URBAN,10.6,99.8,64,40,22,2,2,39
SLO,     NON FWY,URBAN,48.2,221.7,203,129,70,4,4,106
SLO,     FREEWAY,URBAN,49.4,956.2,567,422,139,6,7,207
SLO,     TOTAL,URBAN,97.6,"1,177.90",770,551,209,10,11,313
SLO,      2 AND 3 LN,COUNTYWIDE,200.4,266.6,271,162,103,6,7,152
SLO,      4+ UND,COUNTYWIDE,5.7,39.5,9,5,4,0,0,14
SLO,      4+ DIV,COUNTYWIDE,9.6,106.8,64,42,20,2,2,29
SLO,     SUBTOTAL,COUNTYWIDE,215.6,412.9,344,209,127,8,9,195
SLO,     2 AND 3 LN EXP,COUNTYWIDE,43.2,107.1,62,44,18,0,0,31
SLO,     4+ DIV EXP,COUNTYWIDE,34.3,331.8,145,91,49,5,5,87
SLO,     NON FWY,COUNTYWIDE,293.1,851.7,551,344,194,13,14,313
SLO,     FREEWAY,COUNTYWIDE,64.7,"1,187.80",656,493,157,6,7,231
SLO,     TOTAL,COUNTYWIDE,357.8,"2,039.50","1,207",837,351,19,21,544
SM,      2 AND 3 LN,RURAL ,58,114.4,126,42,79,5,5,118
SM,      4+ UND,RURAL ,1.2,2.4,1,1,0,0,0,0
SM,      4+ DIV,RURAL ,1,9.5,1,1,0,0,0,0
SM,     SUBTOTAL,RURAL ,60.2,126.3,128,44,79,5,5,118
SM,     2 AND 3 LN EXP,RURAL ,0,0,0,0,0,0,0,0
SM,     4+ DIV EXP,RURAL ,0,0,0,0,0,0,0,0
SM,     NON FWY,RURAL ,60.2,126.3,128,44,79,5,5,118
SM,     FREEWAY,RURAL ,2,67.9,28,17,11,0,0,14
SM,     TOTAL,RURAL ,62.2,194.2,156,61,90,5,5,132
SM,      2 AND 3 LN,URBAN,34.1,150.5,95,44,46,5,5,72
SM,      4+ UND,URBAN,6.1,58.9,43,23,20,0,0,27
SM,      4+ DIV,URBAN,29.1,342.4,206,82,120,4,5,162
SM,     SUBTOTAL,URBAN,69.3,551.8,344,149,186,9,10,261
SM,     2 AND 3 LN EXP,URBAN,0.4,5,1,0,1,0,0,2
SM,     4+ DIV EXP,URBAN,6.7,120.3,55,30,25,0,0,30
SM,     NON FWY,URBAN,76.4,677.1,400,179,212,9,10,293
SM,     FREEWAY,URBAN,73.6,"3,631.60","2,107","1,369",729,9,10,"1,026"
SM,     TOTAL,URBAN,150,"4,308.80","2,507","1,548",941,18,20,"1,319"
SM,      2 AND 3 LN,COUNTYWIDE,92.1,264.9,221,86,125,10,10,190
SM,      4+ UND,COUNTYWIDE,7.4,61.3,44,24,20,0,0,27
SM,      4+ DIV,COUNTYWIDE,30.1,351.9,207,83,120,4,5,162
SM,     SUBTOTAL,COUNTYWIDE,129.5,678.1,472,193,265,14,15,379
SM,     2 AND 3 LN EXP,COUNTYWIDE,0.4,5,1,0,1,0,0,2
SM,     4+ DIV EXP,COUNTYWIDE,6.7,120.3,55,30,25,0,0,30
SM,     NON FWY,COUNTYWIDE,136.6,803.4,528,223,291,14,15,411
SM,     FREEWAY,COUNTYWIDE,75.6,"3,699.50","2,135","1,386",740,9,10,"1,040"
SM,     TOTAL,COUNTYWIDE,212.2,"4,503.00","2,663","1,609","1,031",23,25,"1,451"
SOL,      2 AND 3 LN,RURAL ,55.6,205,101,54,44,3,6,61
SOL,      4+ UND,RURAL ,0.5,3.1,0,0,0,0,0,0
SOL,      4+ DIV,RURAL ,2.1,30.8,17,11,6,0,0,9
SOL,     SUBTOTAL,RURAL ,58.3,238.9,118,65,50,3,6,70
SOL,     2 AND 3 LN EXP,RURAL ,5.6,34,10,10,0,0,0,0
SOL,     4+ DIV EXP,RURAL ,0.2,1.2,0,0,0,0,0,0
SOL,     NON FWY,RURAL ,64,274,128,75,50,3,6,70
SOL,     FREEWAY,RURAL ,25.7,"1,130.40",308,209,95,4,6,142
SOL,     TOTAL,RURAL ,89.7,"1,404.40",436,284,145,7,12,212
SOL,      2 AND 3 LN,URBAN,2.3,15.8,20,14,6,0,0,8
SOL,      4+ UND,URBAN,3.5,18.9,29,13,15,1,1,19
SOL,      4+ DIV,URBAN,7.1,74.2,72,25,41,6,6,74
SOL,     SUBTOTAL,URBAN,12.9,108.9,121,52,62,7,7,101
SOL,     2 AND 3 LN EXP,URBAN,0,0,0,0,0,0,0,0
SOL,     4+ DIV EXP,URBAN,0.2,1.7,2,1,1,0,0,1
SOL,     NON FWY,URBAN,13.1,110.6,123,53,63,7,7,102
SOL,     FREEWAY,URBAN,55.8,"2,297.80","1,722","1,151",560,11,11,801
SOL,     TOTAL,URBAN,68.9,"2,408.50","1,845","1,204",623,18,18,903
SOL,      2 AND 3 LN,COUNTYWIDE,57.9,220.8,121,68,50,3,6,69
SOL,      4+ UND,COUNTYWIDE,4,22,29,13,15,1,1,19
SOL,      4+ DIV,COUNTYWIDE,9.2,105,89,36,47,6,6,83
SOL,     SUBTOTAL,COUNTYWIDE,71.1,347.8,239,117,112,10,13,171
SOL,     2 AND 3 LN EXP,COUNTYWIDE,5.6,34,10,10,0,0,0,0
SOL,     4+ DIV EXP,COUNTYWIDE,0.4,2.9,2,1,1,0,0,1
SOL,     NON FWY,COUNTYWIDE,77.2,384.7,251,128,113,10,13,172
SOL,     FREEWAY,COUNTYWIDE,81.5,"3,428.20","2,030","1,360",655,15,17,943
SOL,     TOTAL,COUNTYWIDE,158.6,"3,812.90","2,281","1,488",768,25,30,"1,115"
SON,      2 AND 3 LN,RURAL ,136.2,406.5,263,141,118,4,4,164
SON,      4+ UND,RURAL ,0.6,3.8,3,0,3,0,0,3
SON,      4+ DIV,RURAL ,0,0.1,0,0,0,0,0,0
SON,     SUBTOTAL,RURAL ,136.8,410.4,266,141,121,4,4,167
SON,     2 AND 3 LN EXP,RURAL ,0,0,0,0,0,0,0,0
SON,     4+ DIV EXP,RURAL ,3.9,51.9,45,20,25,0,0,35
SON,     NON FWY,RURAL ,140.7,462.2,311,161,146,4,4,202
SON,     FREEWAY,RURAL ,19,248.2,71,38,32,1,1,40
SON,     TOTAL,RURAL ,159.7,710.5,382,199,178,5,5,242
SON,      2 AND 3 LN,URBAN,30.6,205.9,162,79,83,0,0,116
SON,      4+ UND,URBAN,0.2,1.7,1,0,1,0,0,1
SON,      4+ DIV,URBAN,6.8,70.6,44,27,17,0,0,25
SON,     SUBTOTAL,URBAN,37.7,278.2,207,106,101,0,0,142
SON,     2 AND 3 LN EXP,URBAN,0,0,0,0,0,0,0,0
SON,     4+ DIV EXP,URBAN,2.5,41.1,29,19,10,0,0,18
SON,     NON FWY,URBAN,40.2,319.3,236,125,111,0,0,160
SON,     FREEWAY,URBAN,38.3,"1,149.30",714,426,282,6,6,402
SON,     TOTAL,URBAN,78.5,"1,468.60",950,551,393,6,6,562
SON,      2 AND 3 LN,COUNTYWIDE,166.9,612.4,425,220,201,4,4,280
SON,      4+ UND,COUNTYWIDE,0.8,5.5,4,0,4,0,0,4
SON,      4+ DIV,COUNTYWIDE,6.8,70.7,44,27,17,0,0,25
SON,     SUBTOTAL,COUNTYWIDE,174.5,688.6,473,247,222,4,4,309
SON,     2 AND 3 LN EXP,COUNTYWIDE,0,0,0,0,0,0,0,0
SON,     4+ DIV EXP,COUNTYWIDE,6.4,93,74,39,35,0,0,53
SON,     NON FWY,COUNTYWIDE,180.9,781.6,547,286,257,4,4,362
SON,     FREEWAY,COUNTYWIDE,57.3,"1,397.50",785,464,314,7,7,442
SON,     TOTAL,COUNTYWIDE,238.2,"2,179.10","1,332",750,571,11,11,804
STA,      2 AND 3 LN,RURAL ,74.4,199.1,170,87,82,1,1,131
STA,      4+ UND,RURAL ,2.2,3.6,3,2,1,0,0,2
STA,      4+ DIV,RURAL ,0.4,1.9,13,5,7,1,1,10
STA,     SUBTOTAL,RURAL ,77.1,204.6,186,94,90,2,2,143
STA,     2 AND 3 LN EXP,RURAL ,4.1,19.3,17,7,10,0,0,19
STA,     4+ DIV EXP,RURAL ,0.8,3.5,1,1,0,0,0,0
STA,     NON FWY,RURAL ,82,227.4,204,102,100,2,2,162
STA,     FREEWAY,RURAL ,31.5,613.3,236,146,84,6,6,112
STA,     TOTAL,RURAL ,113.5,840.7,440,248,184,8,8,274
STA,      2 AND 3 LN,URBAN,28.2,112.7,123,49,73,1,1,114
STA,      4+ UND,URBAN,2.3,14.9,32,7,25,0,0,33
STA,      4+ DIV,URBAN,15.2,126.1,300,105,190,5,5,289
STA,     SUBTOTAL,URBAN,45.7,253.7,455,161,288,6,6,436
STA,     2 AND 3 LN EXP,URBAN,0,0,0,0,0,0,0,0
STA,     4+ DIV EXP,URBAN,0,0,0,0,0,0,0,0
STA,     NON FWY,URBAN,45.7,253.7,455,161,288,6,6,436
STA,     FREEWAY,URBAN,21.6,986.4,760,500,253,7,7,355
STA,     TOTAL,URBAN,67.3,"1,240.10","1,215",661,541,13,13,791
STA,      2 AND 3 LN,COUNTYWIDE,102.6,311.7,293,136,155,2,2,245
STA,      4+ UND,COUNTYWIDE,4.5,18.5,35,9,26,0,0,35
STA,      4+ DIV,COUNTYWIDE,15.7,128.1,313,110,197,6,6,299
STA,     SUBTOTAL,COUNTYWIDE,122.8,458.3,641,255,378,8,8,579
STA,     2 AND 3 LN EXP,COUNTYWIDE,4.1,19.3,17,7,10,0,0,19
STA,     4+ DIV EXP,COUNTYWIDE,0.8,3.5,1,1,0,0,0,0
STA,     NON FWY,COUNTYWIDE,127.7,481.1,659,263,388,8,8,598
STA,     FREEWAY,COUNTYWIDE,53.1,"1,599.70",996,646,337,13,13,467
STA,     TOTAL,COUNTYWIDE,180.8,"2,080.80","1,655",909,725,21,21,"1,065"
SUT,      2 AND 3 LN,RURAL ,33.7,108.5,81,47,30,4,4,60
SUT,      4+ UND,RURAL ,2,13.4,12,7,5,0,0,8
SUT,      4+ DIV,RURAL ,14.8,96.9,46,26,17,3,3,33
SUT,     SUBTOTAL,RURAL ,50.5,218.7,139,80,52,7,7,101
SUT,     2 AND 3 LN EXP,RURAL ,2.2,12.5,5,4,1,0,0,1
SUT,     4+ DIV EXP,RURAL ,8.3,108.6,58,35,23,0,0,42
SUT,     NON FWY,RURAL ,61,339.8,202,119,76,7,7,144
SUT,     FREEWAY,RURAL ,5.4,53.7,27,15,12,0,0,17
SUT,     TOTAL,RURAL ,66.3,393.5,229,134,88,7,7,161
SUT,      2 AND 3 LN,URBAN,2.8,19.6,22,15,6,1,1,8
SUT,      4+ UND,URBAN,0,0,0,0,0,0,0,0
SUT,      4+ DIV,URBAN,2.4,32.6,68,28,40,0,0,53
SUT,     SUBTOTAL,URBAN,5.2,52.3,90,43,46,1,1,61
SUT,     2 AND 3 LN EXP,URBAN,0,0,0,0,0,0,0,0
SUT,     4+ DIV EXP,URBAN,7.3,57.1,102,58,44,0,0,62
SUT,     NON FWY,URBAN,12.5,109.4,192,101,90,1,1,123
SUT,     FREEWAY,URBAN,4.1,31.6,7,5,2,0,0,4
SUT,     TOTAL,URBAN,16.6,140.9,199,106,92,1,1,127
SUT,      2 AND 3 LN,COUNTYWIDE,36.5,128.1,103,62,36,5,5,68
SUT,      4+ UND,COUNTYWIDE,2,13.4,12,7,5,0,0,8
SUT,      4+ DIV,COUNTYWIDE,17.2,129.5,114,54,57,3,3,86
SUT,     SUBTOTAL,COUNTYWIDE,55.7,271,229,123,98,8,8,162
SUT,     2 AND 3 LN EXP,COUNTYWIDE,2.2,12.5,5,4,1,0,0,1
SUT,     4+ DIV EXP,COUNTYWIDE,15.6,165.7,160,93,67,0,0,104
SUT,     NON FWY,COUNTYWIDE,73.5,449.2,394,220,166,8,8,267
SUT,     FREEWAY,COUNTYWIDE,9.4,85.3,34,20,14,0,0,21
SUT,     TOTAL,COUNTYWIDE,82.9,534.5,428,240,180,8,8,288
TEH,      2 AND 3 LN,RURAL ,127.4,113,104,67,34,3,3,52
TEH,      4+ UND,RURAL ,0,0,0,0,0,0,0,0
TEH,      4+ DIV,RURAL ,0,0,0,0,0,0,0,0
TEH,     SUBTOTAL,RURAL ,127.4,113,104,67,34,3,3,52
TEH,     2 AND 3 LN EXP,RURAL ,22.9,29.4,16,7,8,1,1,15
TEH,     4+ DIV EXP,RURAL ,0.2,0.1,0,0,0,0,0,0
TEH,     NON FWY,RURAL ,150.5,142.5,120,74,42,4,4,67
TEH,     FREEWAY,RURAL ,30.7,387.9,103,66,36,1,3,57
TEH,     TOTAL,RURAL ,181.2,530.4,223,140,78,5,7,124
TEH,      2 AND 3 LN,URBAN,11.7,13.2,10,4,6,0,0,10
TEH,      4+ UND,URBAN,0.1,0.8,3,2,1,0,0,2
TEH,      4+ DIV,URBAN,3,17.3,29,17,12,0,0,13
TEH,     SUBTOTAL,URBAN,14.8,31.3,42,23,19,0,0,25
TEH,     2 AND 3 LN EXP,URBAN,0,0,0,0,0,0,0,0
TEH,     4+ DIV EXP,URBAN,0,0,0,0,0,0,0,0
TEH,     NON FWY,URBAN,14.8,31.3,42,23,19,0,0,25
TEH,     FREEWAY,URBAN,9.9,136.3,48,37,10,1,1,11
TEH,     TOTAL,URBAN,24.7,167.6,90,60,29,1,1,36
TEH,      2 AND 3 LN,COUNTYWIDE,139.2,126.2,114,71,40,3,3,62
TEH,      4+ UND,COUNTYWIDE,0.1,0.8,3,2,1,0,0,2
TEH,      4+ DIV,COUNTYWIDE,3,17.3,29,17,12,0,0,13
TEH,     SUBTOTAL,COUNTYWIDE,142.2,144.3,146,90,53,3,3,77
TEH,     2 AND 3 LN EXP,COUNTYWIDE,22.9,29.4,16,7,8,1,1,15
TEH,     4+ DIV EXP,COUNTYWIDE,0.2,0.1,0,0,0,0,0,0
TEH,     NON FWY,COUNTYWIDE,165.3,173.8,162,97,61,4,4,92
TEH,     FREEWAY,COUNTYWIDE,40.6,524.2,151,103,46,2,4,68
TEH,     TOTAL,COUNTYWIDE,205.9,698,313,200,107,6,8,160
TRI,      2 AND 3 LN,RURAL ,177.1,112.6,160,97,57,6,6,68
TRI,      4+ UND,RURAL ,0.8,1,1,1,0,0,0,0
TRI,      4+ DIV,RURAL ,0,0,0,0,0,0,0,0
TRI,     SUBTOTAL,RURAL ,177.9,113.5,161,98,57,6,6,68
TRI,     2 AND 3 LN EXP,RURAL ,22.3,16.7,17,8,9,0,0,15
TRI,     4+ DIV EXP,RURAL ,0.5,0.8,0,0,0,0,0,0
TRI,     NON FWY,RURAL ,200.8,131.1,178,106,66,6,6,83
TRI,     FREEWAY,RURAL ,0,0,0,0,0,0,0,0
TRI,     TOTAL,RURAL ,200.8,131.1,178,106,66,6,6,83
TRI,      2 AND 3 LN,URBAN,0,0,0,0,0,0,0,0
TRI,      4+ UND,URBAN,0,0,0,0,0,0,0,0
TRI,      4+ DIV,URBAN,0,0,0,0,0,0,0,0
TRI,     SUBTOTAL,URBAN,0,0,0,0,0,0,0,0
TRI,     2 AND 3 LN EXP,URBAN,0,0,0,0,0,0,0,0
TRI,     4+ DIV EXP,URBAN,0,0,0,0,0,0,0,0
TRI,     NON FWY,URBAN,0,0,0,0,0,0,0,0
TRI,     FREEWAY,URBAN,0,0,0,0,0,0,0,0
TRI,     TOTAL,URBAN,0,0,0,0,0,0,0,0
TRI,      2 AND 3 LN,COUNTYWIDE,177.1,112.6,160,97,57,6,6,68
TRI,      4+ UND,COUNTYWIDE,0.8,1,1,1,0,0,0,0
TRI,      4+ DIV,COUNTYWIDE,0,0,0,0,0,0,0,0
TRI,     SUBTOTAL,COUNTYWIDE,177.9,113.5,161,98,57,6,6,68
TRI,     2 AND 3 LN EXP,COUNTYWIDE,22.3,16.7,17,8,9,0,0,15
TRI,     4+ DIV EXP,COUNTYWIDE,0.5,0.8,0,0,0,0,0,0
TRI,     NON FWY,COUNTYWIDE,200.8,131.1,178,106,66,6,6,83
TRI,     FREEWAY,COUNTYWIDE,0,0,0,0,0,0,0,0
TRI,     TOTAL,COUNTYWIDE,200.8,131.1,178,106,66,6,6,83
TUL,      2 AND 3 LN,RURAL ,190.2,246.6,284,162,113,9,11,184
TUL,      4+ UND,RURAL ,1,3.6,0,0,0,0,0,0
TUL,      4+ DIV,RURAL ,4.6,45.9,23,14,9,0,0,29
TUL,     SUBTOTAL,RURAL ,195.8,296.1,307,176,122,9,11,213
TUL,     2 AND 3 LN EXP,RURAL ,16.2,48,40,27,13,0,0,27
TUL,     4+ DIV EXP,RURAL ,5.6,35.5,31,19,11,1,1,21
TUL,     NON FWY,RURAL ,217.6,379.6,378,222,146,10,12,261
TUL,     FREEWAY,RURAL ,38.5,835.7,376,272,100,4,4,168
TUL,     TOTAL,RURAL ,256.1,"1,215.30",754,494,246,14,16,429
TUL,      2 AND 3 LN,URBAN,29.7,86.3,126,78,44,4,4,64
TUL,      4+ UND,URBAN,3.4,11.7,62,49,10,3,4,17
TUL,      4+ DIV,URBAN,12,86.1,137,88,47,2,2,70
TUL,     SUBTOTAL,URBAN,45.1,184.1,325,215,101,9,10,151
TUL,     2 AND 3 LN EXP,URBAN,4.2,14.3,10,5,5,0,0,6
TUL,     4+ DIV EXP,URBAN,12.3,94.6,82,38,42,2,2,71
TUL,     NON FWY,URBAN,61.6,293.1,417,258,148,11,12,228
TUL,     FREEWAY,URBAN,33,647.5,467,313,143,11,11,223
TUL,     TOTAL,URBAN,94.5,940.6,884,571,291,22,23,451
TUL,      2 AND 3 LN,COUNTYWIDE,219.9,332.9,410,240,157,13,15,248
TUL,      4+ UND,COUNTYWIDE,4.4,15.3,62,49,10,3,4,17
TUL,      4+ DIV,COUNTYWIDE,16.6,132,160,102,56,2,2,99
TUL,     SUBTOTAL,COUNTYWIDE,240.8,480.2,632,391,223,18,21,364
TUL,     2 AND 3 LN EXP,COUNTYWIDE,20.4,62.4,50,32,18,0,0,33
TUL,     4+ DIV EXP,COUNTYWIDE,17.9,130.1,113,57,53,3,3,92
TUL,     NON FWY,COUNTYWIDE,279.1,672.7,795,480,294,21,24,489
TUL,     FREEWAY,COUNTYWIDE,71.5,"1,483.20",843,585,243,15,15,391
TUL,     TOTAL,COUNTYWIDE,350.6,"2,155.90","1,638","1,065",537,36,39,880
TUO,      2 AND 3 LN,RURAL ,87.6,88.5,130,66,60,4,4,80
TUO,      4+ UND,RURAL ,0.2,0.2,0,0,0,0,0,0
TUO,      4+ DIV,RURAL ,0,0,0,0,0,0,0,0
TUO,     SUBTOTAL,RURAL ,87.8,88.7,130,66,60,4,4,80
TUO,     2 AND 3 LN EXP,RURAL ,28.1,71,21,9,10,2,2,15
TUO,     4+ DIV EXP,RURAL ,10,22.9,38,20,14,4,4,17
TUO,     NON FWY,RURAL ,125.9,182.6,189,95,84,10,10,112
TUO,     FREEWAY,RURAL ,0,0,0,0,0,0,0,0
TUO,     TOTAL,RURAL ,125.9,182.6,189,95,84,10,10,112
TUO,      2 AND 3 LN,URBAN,17.4,79.9,138,79,56,3,3,101
TUO,      4+ UND,URBAN,0,0,0,0,0,0,0,0
TUO,      4+ DIV,URBAN,1.1,4,9,3,5,1,1,7
TUO,     SUBTOTAL,URBAN,18.5,84,147,82,61,4,4,108
TUO,     2 AND 3 LN EXP,URBAN,5,23.7,17,12,5,0,0,7
TUO,     4+ DIV EXP,URBAN,2.1,5.9,10,5,5,0,0,6
TUO,     NON FWY,URBAN,25.6,113.6,174,99,71,4,4,121
TUO,     FREEWAY,URBAN,0,0,0,0,0,0,0,0
TUO,     TOTAL,URBAN,25.6,113.6,174,99,71,4,4,121
TUO,      2 AND 3 LN,COUNTYWIDE,105,168.5,268,145,116,7,7,181
TUO,      4+ UND,COUNTYWIDE,0.2,0.2,0,0,0,0,0,0
TUO,      4+ DIV,COUNTYWIDE,1.1,4,9,3,5,1,1,7
TUO,     SUBTOTAL,COUNTYWIDE,106.3,172.7,277,148,121,8,8,188
TUO,     2 AND 3 LN EXP,COUNTYWIDE,33.1,94.7,38,21,15,2,2,22
TUO,     4+ DIV EXP,COUNTYWIDE,12.1,28.8,48,25,19,4,4,23
TUO,     NON FWY,COUNTYWIDE,151.4,296.2,363,194,155,14,14,233
TUO,     FREEWAY,COUNTYWIDE,0,0,0,0,0,0,0,0
TUO,     TOTAL,COUNTYWIDE,151.4,296.2,363,194,155,14,14,233
VEN,      2 AND 3 LN,RURAL ,98.4,123.5,215,108,97,10,14,143
VEN,      4+ UND,RURAL ,0,0,0,0,0,0,0,0
VEN,      4+ DIV,RURAL ,17.1,178.8,71,39,30,2,2,44
VEN,     SUBTOTAL,RURAL ,115.5,302.3,286,147,127,12,16,187
VEN,     2 AND 3 LN EXP,RURAL ,0,0,0,0,0,0,0,0
VEN,     4+ DIV EXP,RURAL ,0,0,0,0,0,0,0,0
VEN,     NON FWY,RURAL ,115.5,302.3,286,147,127,12,16,187
VEN,     FREEWAY,RURAL ,0.3,6.6,5,5,0,0,0,0
VEN,     TOTAL,RURAL ,115.8,308.8,291,152,127,12,16,187
VEN,      2 AND 3 LN,URBAN,39.3,154.3,232,123,104,5,5,153
VEN,      4+ UND,URBAN,0.8,4.5,3,3,0,0,0,0
VEN,      4+ DIV,URBAN,16.3,173,202,110,91,1,1,135
VEN,     SUBTOTAL,URBAN,56.4,331.8,437,236,195,6,6,288
VEN,     2 AND 3 LN EXP,URBAN,0.1,0.1,0,0,0,0,0,0
VEN,     4+ DIV EXP,URBAN,2.6,65.5,24,14,10,0,0,17
VEN,     NON FWY,URBAN,59.1,397.4,461,250,205,6,6,305
VEN,     FREEWAY,URBAN,87.9,"2,813.00","1,656","1,094",548,14,15,763
VEN,     TOTAL,URBAN,147,"3,210.40","2,117","1,344",753,20,21,"1,068"
VEN,      2 AND 3 LN,COUNTYWIDE,137.7,277.8,447,231,201,15,19,296
VEN,      4+ UND,COUNTYWIDE,0.8,4.5,3,3,0,0,0,0
VEN,      4+ DIV,COUNTYWIDE,33.3,351.7,273,149,121,3,3,179
VEN,     SUBTOTAL,COUNTYWIDE,171.9,634.1,723,383,322,18,22,475
VEN,     2 AND 3 LN EXP,COUNTYWIDE,0.1,0.1,0,0,0,0,0,0
VEN,     4+ DIV EXP,COUNTYWIDE,2.6,65.5,24,14,10,0,0,17
VEN,     NON FWY,COUNTYWIDE,174.6,699.7,747,397,332,18,22,492
VEN,     FREEWAY,COUNTYWIDE,88.2,"2,819.50","1,661","1,099",548,14,15,763
VEN,     TOTAL,COUNTYWIDE,262.8,"3,519.20","2,408","1,496",880,32,37,"1,255"
YOL,      2 AND 3 LN,RURAL ,87.6,111.2,120,51,66,3,3,99
YOL,      4+ UND,RURAL ,0,0,0,0,0,0,0,0
YOL,      4+ DIV,RURAL ,0,0,0,0,0,0,0,0
YOL,     SUBTOTAL,RURAL ,87.6,111.2,120,51,66,3,3,99
YOL,     2 AND 3 LN EXP,RURAL ,0,0,0,0,0,0,0,0
YOL,     4+ DIV EXP,RURAL ,0,0,0,0,0,0,0,0
YOL,     NON FWY,RURAL ,87.6,111.2,120,51,66,3,3,99
YOL,     FREEWAY,RURAL ,57.7,769.8,283,163,118,2,3,174
YOL,     TOTAL,RURAL ,145.4,881,403,214,184,5,6,273
YOL,      2 AND 3 LN,URBAN,4,9.3,11,3,7,1,1,9
YOL,      4+ UND,URBAN,0.2,0.3,1,0,1,0,0,1
YOL,      4+ DIV,URBAN,0,0,0,0,0,0,0,0
YOL,     SUBTOTAL,URBAN,4.3,9.6,12,3,8,1,1,10
YOL,     2 AND 3 LN EXP,URBAN,0,0,0,0,0,0,0,0
YOL,     4+ DIV EXP,URBAN,0,0,0,0,0,0,0,0
YOL,     NON FWY,URBAN,4.3,9.6,12,3,8,1,1,10
YOL,     FREEWAY,URBAN,18.9,460.8,405,247,154,4,5,228
YOL,     TOTAL,URBAN,23.2,470.4,417,250,162,5,6,238
YOL,      2 AND 3 LN,COUNTYWIDE,91.7,120.5,131,54,73,4,4,108
YOL,      4+ UND,COUNTYWIDE,0.2,0.3,1,0,1,0,0,1
YOL,      4+ DIV,COUNTYWIDE,0,0,0,0,0,0,0,0
YOL,     SUBTOTAL,COUNTYWIDE,91.9,120.7,132,54,74,4,4,109
YOL,     2 AND 3 LN EXP,COUNTYWIDE,0,0,0,0,0,0,0,0
YOL,     4+ DIV EXP,COUNTYWIDE,0,0,0,0,0,0,0,0
YOL,     NON FWY,COUNTYWIDE,91.9,120.7,132,54,74,4,4,109
YOL,     FREEWAY,COUNTYWIDE,76.6,"1,230.60",688,410,272,6,8,402
YOL,     TOTAL,COUNTYWIDE,168.5,"1,351.30",820,464,346,10,12,511
YUB,      2 AND 3 LN,RURAL ,30.6,84.6,71,45,25,1,1,41
YUB,      4+ UND,RURAL ,0,0,0,0,0,0,0,0
YUB,      4+ DIV,RURAL ,3.5,26.9,9,6,2,1,1,7
YUB,     SUBTOTAL,RURAL ,34.1,111.5,80,51,27,2,2,48
YUB,     2 AND 3 LN EXP,RURAL ,1.9,12.5,8,5,3,0,0,3
YUB,     4+ DIV EXP,RURAL ,5,41.9,16,10,6,0,0,10
YUB,     NON FWY,RURAL ,41,165.9,104,66,36,2,2,61
YUB,     FREEWAY,RURAL ,1,8,4,2,2,0,0,3
YUB,     TOTAL,RURAL ,42,173.9,108,68,38,2,2,64
YUB,      2 AND 3 LN,URBAN,8.6,42.3,29,15,14,0,0,22
YUB,      4+ UND,URBAN,1,9.4,7,0,7,0,0,10
YUB,      4+ DIV,URBAN,1.6,23.4,7,0,7,0,0,8
YUB,     SUBTOTAL,URBAN,11.2,75,43,15,28,0,0,40
YUB,     2 AND 3 LN EXP,URBAN,5.6,26.8,15,11,3,1,1,3
YUB,     4+ DIV EXP,URBAN,1.1,9.5,1,0,1,0,0,1
YUB,     NON FWY,URBAN,17.9,111.3,59,26,32,1,1,44
YUB,     FREEWAY,URBAN,6,93.9,87,55,30,2,2,42
YUB,     TOTAL,URBAN,23.9,205.3,146,81,62,3,3,86
YUB,      2 AND 3 LN,COUNTYWIDE,39.1,126.9,100,60,39,1,1,63
YUB,      4+ UND,COUNTYWIDE,1,9.4,7,0,7,0,0,10
YUB,      4+ DIV,COUNTYWIDE,5.2,50.3,16,6,9,1,1,15
YUB,     SUBTOTAL,COUNTYWIDE,45.3,186.5,123,66,55,2,2,88
YUB,     2 AND 3 LN EXP,COUNTYWIDE,7.5,39.2,23,16,6,1,1,6
YUB,     4+ DIV EXP,COUNTYWIDE,6.1,51.4,17,10,7,0,0,11
YUB,     NON FWY,COUNTYWIDE,58.9,277.2,163,92,68,3,3,105
YUB,     FREEWAY,COUNTYWIDE,7,102,91,57,32,2,2,45
YUB,     TOTAL,COUNTYWIDE,65.9,379.2,254,149,100,5,5,150
